circ_idx,seq,A,G,d,B,P,M,P_enc,G_enc,d_enc,M_enc,P_native_gate_count,G_native_gate_count,d_native_gate_count,M_native_gate_count,full_native_gate_count,remaining_native_gate_count,remaining_wait_num_4-pihalf,remaining_wait_num_pihalf,full_sequence_length
1,{}@(0)  859  165,{},,,,{},,4,-1,0,-1,4,0,0,0,4,32769,8192,1,8194
2,Gxpi2:0@(0)  553  471,Gxpi2:0,,,,Gxpi2:0,,5,-1,0,-1,1,0,0,0,1,32772,8193,0,8194
3,Gypi2:0@(0)  572  452,Gypi2:0,,,,Gypi2:0,,6,-1,0,-1,1,0,0,0,1,32772,8193,0,8194
4,Gxpi2:0Gxpi2:0@(0)  274  750,Gxpi2:0Gxpi2:0,,,,Gxpi2:0Gxpi2:0,,7,-1,0,-1,2,0,0,0,2,32771,8192,3,8196
5,Gxpi2:0Gxpi2:0Gxpi2:0@(0)  532  492,Gxpi2:0Gxpi2:0Gxpi2:0,,,,Gxpi2:0Gxpi2:0Gxpi2:0,,9,-1,0,-1,3,0,0,0,3,32770,8192,2,8195
6,Gypi2:0Gypi2:0Gypi2:0@(0)  560  464,Gypi2:0Gypi2:0Gypi2:0,,,,Gypi2:0Gypi2:0Gypi2:0,,10,-1,0,-1,3,0,0,0,3,32770,8192,2,8195
7,Gxpi2:0Gypi2:0@(0)  549  475,Gxpi2:0Gypi2:0,,,,Gxpi2:0,Gypi2:0,5,-1,0,6,1,0,0,1,2,32771,8192,3,8197
8,Gxpi2:0Gxpi2:0Gxpi2:0Gxpi2:0@(0)  853  171,Gxpi2:0Gxpi2:0Gxpi2:0Gxpi2:0,,,,Gxpi2:0Gxpi2:0Gxpi2:0,Gxpi2:0,9,-1,0,5,3,0,0,1,4,32769,8192,1,8195
9,Gxpi2:0Gypi2:0Gypi2:0Gypi2:0@(0)  549  475,Gxpi2:0Gypi2:0Gypi2:0Gypi2:0,,,,Gxpi2:0,Gypi2:0Gypi2:0Gypi2:0,5,-1,0,10,1,0,0,3,4,32769,8192,1,8195
10,Gypi2:0Gxpi2:0@(0)  548  476,Gypi2:0Gxpi2:0,,,,Gypi2:0,Gxpi2:0,6,-1,0,5,1,0,0,1,2,32771,8192,3,8197
11,Gypi2:0Gypi2:0@(0)  265  759,Gypi2:0Gypi2:0,,,,Gypi2:0,Gypi2:0,6,-1,0,6,1,0,0,1,2,32771,8192,3,8197
12,Gypi2:0Gxpi2:0Gxpi2:0@(0)  555  469,Gypi2:0Gxpi2:0Gxpi2:0,,,,Gypi2:0,Gxpi2:0Gxpi2:0,6,-1,0,7,1,0,0,2,3,32770,8192,2,8196
13,Gypi2:0Gxpi2:0Gxpi2:0Gxpi2:0@(0)  536  488,Gypi2:0Gxpi2:0Gxpi2:0Gxpi2:0,,,,Gypi2:0,Gxpi2:0Gxpi2:0Gxpi2:0,6,-1,0,9,1,0,0,3,4,32769,8192,1,8195
14,Gypi2:0Gypi2:0Gypi2:0Gypi2:0@(0)  851  173,Gypi2:0Gypi2:0Gypi2:0Gypi2:0,,,,Gypi2:0Gypi2:0Gypi2:0,Gypi2:0,10,-1,0,6,3,0,0,1,4,32769,8192,1,8195
15,Gxpi2:0Gxpi2:0Gypi2:0@(0)  546  478,Gxpi2:0Gxpi2:0Gypi2:0,,,,Gxpi2:0Gxpi2:0,Gypi2:0,7,-1,0,6,2,0,0,1,3,32770,8192,2,8196
16,Gxpi2:0Gxpi2:0Gxpi2:0Gxpi2:0Gxpi2:0@(0)  529  495,Gxpi2:0Gxpi2:0Gxpi2:0Gxpi2:0Gxpi2:0,,,,Gxpi2:0Gxpi2:0Gxpi2:0,Gxpi2:0Gxpi2:0,9,-1,0,7,3,0,0,2,5,32768,8192,0,8194
17,Gxpi2:0Gxpi2:0Gypi2:0Gypi2:0Gypi2:0@(0)  556  468,Gxpi2:0Gxpi2:0Gypi2:0Gypi2:0Gypi2:0,,,,Gxpi2:0Gxpi2:0,Gypi2:0Gypi2:0Gypi2:0,7,-1,0,10,2,0,0,3,5,32768,8192,0,8194
18,Gxpi2:0Gxpi2:0Gxpi2:0Gypi2:0@(0)  551  473,Gxpi2:0Gxpi2:0Gxpi2:0Gypi2:0,,,,Gxpi2:0Gxpi2:0Gxpi2:0,Gypi2:0,9,-1,0,6,3,0,0,1,4,32769,8192,1,8195
19,Gxpi2:0Gxpi2:0Gxpi2:0Gxpi2:0Gxpi2:0Gxpi2:0@(0)  248  776,Gxpi2:0Gxpi2:0Gxpi2:0Gxpi2:0Gxpi2:0Gxpi2:0,,,,Gxpi2:0Gxpi2:0Gxpi2:0,Gxpi2:0Gxpi2:0Gxpi2:0,9,-1,0,9,3,0,0,3,6,32767,8191,3,8196
20,Gxpi2:0Gxpi2:0Gxpi2:0Gypi2:0Gypi2:0Gypi2:0@(0)  530  494,Gxpi2:0Gxpi2:0Gxpi2:0Gypi2:0Gypi2:0Gypi2:0,,,,Gxpi2:0Gxpi2:0Gxpi2:0,Gypi2:0Gypi2:0Gypi2:0,9,-1,0,10,3,0,0,3,6,32767,8191,3,8196
21,Gypi2:0Gypi2:0Gypi2:0Gxpi2:0@(0)  539  485,Gypi2:0Gypi2:0Gypi2:0Gxpi2:0,,,,Gypi2:0Gypi2:0Gypi2:0,Gxpi2:0,10,-1,0,5,3,0,0,1,4,32769,8192,1,8195
22,Gypi2:0Gypi2:0Gypi2:0Gxpi2:0Gxpi2:0@(0)  538  486,Gypi2:0Gypi2:0Gypi2:0Gxpi2:0Gxpi2:0,,,,Gypi2:0Gypi2:0Gypi2:0,Gxpi2:0Gxpi2:0,10,-1,0,7,3,0,0,2,5,32768,8192,0,8194
23,Gypi2:0Gypi2:0Gypi2:0Gxpi2:0Gxpi2:0Gxpi2:0@(0)  561  463,Gypi2:0Gypi2:0Gypi2:0Gxpi2:0Gxpi2:0Gxpi2:0,,,,Gypi2:0Gypi2:0Gypi2:0,Gxpi2:0Gxpi2:0Gxpi2:0,10,-1,0,9,3,0,0,3,6,32767,8191,3,8196
24,Gypi2:0Gypi2:0Gypi2:0Gypi2:0Gypi2:0Gypi2:0@(0)  271  753,Gypi2:0Gypi2:0Gypi2:0Gypi2:0Gypi2:0Gypi2:0,,,,Gypi2:0Gypi2:0Gypi2:0,Gypi2:0Gypi2:0Gypi2:0,10,-1,0,10,3,0,0,3,6,32767,8191,3,8196
25,([])@(0)  792  232,,[],1,,,,-1,4,1,-1,0,4,1,0,4,32769,8192,1,8194
26,([])Gxpi2:0@(0)  559  465,,[],1,Gxpi2:0,,Gxpi2:0,-1,4,1,5,0,4,1,1,5,32768,8192,0,8194
27,([])Gypi2:0@(0)  532  492,,[],1,Gypi2:0,,Gypi2:0,-1,4,1,6,0,4,1,1,5,32768,8192,0,8194
28,([])Gxpi2:0Gxpi2:0@(0)  225  799,,[],1,Gxpi2:0Gxpi2:0,,Gxpi2:0Gxpi2:0,-1,4,1,7,0,4,1,2,6,32767,8191,3,8196
29,([])Gxpi2:0Gxpi2:0Gxpi2:0@(0)  535  489,,[],1,Gxpi2:0Gxpi2:0Gxpi2:0,,Gxpi2:0Gxpi2:0Gxpi2:0,-1,4,1,9,0,4,1,3,7,32766,8191,2,8195
30,([])Gypi2:0Gypi2:0Gypi2:0@(0)  549  475,,[],1,Gypi2:0Gypi2:0Gypi2:0,,Gypi2:0Gypi2:0Gypi2:0,-1,4,1,10,0,4,1,3,7,32766,8191,2,8195
31,Gxpi2:0([])@(0)  580  444,Gxpi2:0,[],1,,Gxpi2:0,,5,4,1,-1,1,4,1,0,5,32768,8192,0,8194
32,Gxpi2:0([])Gxpi2:0@(0)  279  745,Gxpi2:0,[],1,Gxpi2:0,Gxpi2:0,Gxpi2:0,5,4,1,5,1,4,1,1,6,32767,8191,3,8197
33,Gxpi2:0([])Gypi2:0@(0)  553  471,Gxpi2:0,[],1,Gypi2:0,Gxpi2:0,Gypi2:0,5,4,1,6,1,4,1,1,6,32767,8191,3,8197
34,Gxpi2:0([])Gxpi2:0Gxpi2:0@(0)  570  454,Gxpi2:0,[],1,Gxpi2:0Gxpi2:0,Gxpi2:0,Gxpi2:0Gxpi2:0,5,4,1,7,1,4,1,2,7,32766,8191,2,8196
35,Gxpi2:0([])Gxpi2:0Gxpi2:0Gxpi2:0@(0)  837  187,Gxpi2:0,[],1,Gxpi2:0Gxpi2:0Gxpi2:0,Gxpi2:0,Gxpi2:0Gxpi2:0Gxpi2:0,5,4,1,9,1,4,1,3,8,32765,8191,1,8195
36,Gxpi2:0([])Gypi2:0Gypi2:0Gypi2:0@(0)  562  462,Gxpi2:0,[],1,Gypi2:0Gypi2:0Gypi2:0,Gxpi2:0,Gypi2:0Gypi2:0Gypi2:0,5,4,1,10,1,4,1,3,8,32765,8191,1,8195
37,Gypi2:0([])@(0)  558  466,Gypi2:0,[],1,,Gypi2:0,,6,4,1,-1,1,4,1,0,5,32768,8192,0,8194
38,Gypi2:0([])Gxpi2:0@(0)  548  476,Gypi2:0,[],1,Gxpi2:0,Gypi2:0,Gxpi2:0,6,4,1,5,1,4,1,1,6,32767,8191,3,8197
39,Gypi2:0([])Gypi2:0@(0)  246  778,Gypi2:0,[],1,Gypi2:0,Gypi2:0,Gypi2:0,6,4,1,6,1,4,1,1,6,32767,8191,3,8197
40,Gypi2:0([])Gxpi2:0Gxpi2:0@(0)  547  477,Gypi2:0,[],1,Gxpi2:0Gxpi2:0,Gypi2:0,Gxpi2:0Gxpi2:0,6,4,1,7,1,4,1,2,7,32766,8191,2,8196
41,Gypi2:0([])Gxpi2:0Gxpi2:0Gxpi2:0@(0)  534  490,Gypi2:0,[],1,Gxpi2:0Gxpi2:0Gxpi2:0,Gypi2:0,Gxpi2:0Gxpi2:0Gxpi2:0,6,4,1,9,1,4,1,3,8,32765,8191,1,8195
42,Gypi2:0([])Gypi2:0Gypi2:0Gypi2:0@(0)  855  169,Gypi2:0,[],1,Gypi2:0Gypi2:0Gypi2:0,Gypi2:0,Gypi2:0Gypi2:0Gypi2:0,6,4,1,10,1,4,1,3,8,32765,8191,1,8195
43,Gxpi2:0Gxpi2:0([])@(0)  233  791,Gxpi2:0Gxpi2:0,[],1,,Gxpi2:0Gxpi2:0,,7,4,1,-1,2,4,1,0,6,32767,8191,3,8196
44,Gxpi2:0Gxpi2:0([])Gxpi2:0@(0)  577  447,Gxpi2:0Gxpi2:0,[],1,Gxpi2:0,Gxpi2:0Gxpi2:0,Gxpi2:0,7,4,1,5,2,4,1,1,7,32766,8191,2,8196
45,Gxpi2:0Gxpi2:0([])Gypi2:0@(0)  568  456,Gxpi2:0Gxpi2:0,[],1,Gypi2:0,Gxpi2:0Gxpi2:0,Gypi2:0,7,4,1,6,2,4,1,1,7,32766,8191,2,8196
46,Gxpi2:0Gxpi2:0([])Gxpi2:0Gxpi2:0@(0)  872  152,Gxpi2:0Gxpi2:0,[],1,Gxpi2:0Gxpi2:0,Gxpi2:0Gxpi2:0,Gxpi2:0Gxpi2:0,7,4,1,7,2,4,1,2,8,32765,8191,1,8195
47,Gxpi2:0Gxpi2:0([])Gxpi2:0Gxpi2:0Gxpi2:0@(0)  554  470,Gxpi2:0Gxpi2:0,[],1,Gxpi2:0Gxpi2:0Gxpi2:0,Gxpi2:0Gxpi2:0,Gxpi2:0Gxpi2:0Gxpi2:0,7,4,1,9,2,4,1,3,9,32764,8191,0,8194
48,Gxpi2:0Gxpi2:0([])Gypi2:0Gypi2:0Gypi2:0@(0)  563  461,Gxpi2:0Gxpi2:0,[],1,Gypi2:0Gypi2:0Gypi2:0,Gxpi2:0Gxpi2:0,Gypi2:0Gypi2:0Gypi2:0,7,4,1,10,2,4,1,3,9,32764,8191,0,8194
49,Gxpi2:0Gxpi2:0Gxpi2:0([])@(0)  533  491,Gxpi2:0Gxpi2:0Gxpi2:0,[],1,,Gxpi2:0Gxpi2:0Gxpi2:0,,9,4,1,-1,3,4,1,0,7,32766,8191,2,8195
50,Gxpi2:0Gxpi2:0Gxpi2:0([])Gxpi2:0@(0)  859  165,Gxpi2:0Gxpi2:0Gxpi2:0,[],1,Gxpi2:0,Gxpi2:0Gxpi2:0Gxpi2:0,Gxpi2:0,9,4,1,5,3,4,1,1,8,32765,8191,1,8195
51,Gxpi2:0Gxpi2:0Gxpi2:0([])Gypi2:0@(0)  546  478,Gxpi2:0Gxpi2:0Gxpi2:0,[],1,Gypi2:0,Gxpi2:0Gxpi2:0Gxpi2:0,Gypi2:0,9,4,1,6,3,4,1,1,8,32765,8191,1,8195
52,Gxpi2:0Gxpi2:0Gxpi2:0([])Gxpi2:0Gxpi2:0@(0)  544  480,Gxpi2:0Gxpi2:0Gxpi2:0,[],1,Gxpi2:0Gxpi2:0,Gxpi2:0Gxpi2:0Gxpi2:0,Gxpi2:0Gxpi2:0,9,4,1,7,3,4,1,2,9,32764,8191,0,8194
53,Gxpi2:0Gxpi2:0Gxpi2:0([])Gxpi2:0Gxpi2:0Gxpi2:0@(0)  248  776,Gxpi2:0Gxpi2:0Gxpi2:0,[],1,Gxpi2:0Gxpi2:0Gxpi2:0,Gxpi2:0Gxpi2:0Gxpi2:0,Gxpi2:0Gxpi2:0Gxpi2:0,9,4,1,9,3,4,1,3,10,32763,8190,3,8196
54,Gxpi2:0Gxpi2:0Gxpi2:0([])Gypi2:0Gypi2:0Gypi2:0@(0)  576  448,Gxpi2:0Gxpi2:0Gxpi2:0,[],1,Gypi2:0Gypi2:0Gypi2:0,Gxpi2:0Gxpi2:0Gxpi2:0,Gypi2:0Gypi2:0Gypi2:0,9,4,1,10,3,4,1,3,10,32763,8190,3,8196
55,Gypi2:0Gypi2:0Gypi2:0([])@(0)  577  447,Gypi2:0Gypi2:0Gypi2:0,[],1,,Gypi2:0Gypi2:0Gypi2:0,,10,4,1,-1,3,4,1,0,7,32766,8191,2,8195
56,Gypi2:0Gypi2:0Gypi2:0([])Gxpi2:0@(0)  518  506,Gypi2:0Gypi2:0Gypi2:0,[],1,Gxpi2:0,Gypi2:0Gypi2:0Gypi2:0,Gxpi2:0,10,4,1,5,3,4,1,1,8,32765,8191,1,8195
57,Gypi2:0Gypi2:0Gypi2:0([])Gypi2:0@(0)  851  173,Gypi2:0Gypi2:0Gypi2:0,[],1,Gypi2:0,Gypi2:0Gypi2:0Gypi2:0,Gypi2:0,10,4,1,6,3,4,1,1,8,32765,8191,1,8195
58,Gypi2:0Gypi2:0Gypi2:0([])Gxpi2:0Gxpi2:0@(0)  560  464,Gypi2:0Gypi2:0Gypi2:0,[],1,Gxpi2:0Gxpi2:0,Gypi2:0Gypi2:0Gypi2:0,Gxpi2:0Gxpi2:0,10,4,1,7,3,4,1,2,9,32764,8191,0,8194
59,Gypi2:0Gypi2:0Gypi2:0([])Gxpi2:0Gxpi2:0Gxpi2:0@(0)  548  476,Gypi2:0Gypi2:0Gypi2:0,[],1,Gxpi2:0Gxpi2:0Gxpi2:0,Gypi2:0Gypi2:0Gypi2:0,Gxpi2:0Gxpi2:0Gxpi2:0,10,4,1,9,3,4,1,3,10,32763,8190,3,8196
60,Gypi2:0Gypi2:0Gypi2:0([])Gypi2:0Gypi2:0Gypi2:0@(0)  265  759,Gypi2:0Gypi2:0Gypi2:0,[],1,Gypi2:0Gypi2:0Gypi2:0,Gypi2:0Gypi2:0Gypi2:0,Gypi2:0Gypi2:0Gypi2:0,10,4,1,10,3,4,1,3,10,32763,8190,3,8196
61,Gypi2:0(Gxpi2:0)Gypi2:0@(0)  277  747,Gypi2:0,Gxpi2:0,1,Gypi2:0,Gypi2:0,Gypi2:0,6,5,1,6,1,1,1,1,3,32770,8192,2,8197
62,Gypi2:0(Gxpi2:0)Gxpi2:0Gxpi2:0Gxpi2:0@(0)  561  463,Gypi2:0,Gxpi2:0,1,Gxpi2:0Gxpi2:0Gxpi2:0,Gypi2:0,Gxpi2:0Gxpi2:0Gxpi2:0,6,5,1,9,1,1,1,3,5,32768,8192,0,8195
63,Gypi2:0(Gxpi2:0)Gypi2:0Gypi2:0Gypi2:0@(0)  844  180,Gypi2:0,Gxpi2:0,1,Gypi2:0Gypi2:0Gypi2:0,Gypi2:0,Gypi2:0Gypi2:0Gypi2:0,6,5,1,10,1,1,1,3,5,32768,8192,0,8195
64,Gxpi2:0Gxpi2:0Gxpi2:0(Gxpi2:0)Gypi2:0@(0)  553  471,Gxpi2:0Gxpi2:0Gxpi2:0,Gxpi2:0,1,Gypi2:0,Gxpi2:0Gxpi2:0Gxpi2:0,Gypi2:0,9,5,1,6,3,1,1,1,5,32768,8192,0,8195
65,Gxpi2:0Gxpi2:0Gxpi2:0(Gxpi2:0)Gxpi2:0Gxpi2:0Gxpi2:0@(0)  547  477,Gxpi2:0Gxpi2:0Gxpi2:0,Gxpi2:0,1,Gxpi2:0Gxpi2:0Gxpi2:0,Gxpi2:0Gxpi2:0Gxpi2:0,Gxpi2:0Gxpi2:0Gxpi2:0,9,5,1,9,3,1,1,3,7,32766,8191,2,8196
66,Gxpi2:0Gxpi2:0Gxpi2:0(Gxpi2:0)Gypi2:0Gypi2:0Gypi2:0@(0)  530  494,Gxpi2:0Gxpi2:0Gxpi2:0,Gxpi2:0,1,Gypi2:0Gypi2:0Gypi2:0,Gxpi2:0Gxpi2:0Gxpi2:0,Gypi2:0Gypi2:0Gypi2:0,9,5,1,10,3,1,1,3,7,32766,8191,2,8196
67,Gypi2:0Gypi2:0Gypi2:0(Gxpi2:0)Gypi2:0@(0)  871  153,Gypi2:0Gypi2:0Gypi2:0,Gxpi2:0,1,Gypi2:0,Gypi2:0Gypi2:0Gypi2:0,Gypi2:0,10,5,1,6,3,1,1,1,5,32768,8192,0,8195
68,Gypi2:0Gypi2:0Gypi2:0(Gxpi2:0)Gxpi2:0Gxpi2:0Gxpi2:0@(0)  571  453,Gypi2:0Gypi2:0Gypi2:0,Gxpi2:0,1,Gxpi2:0Gxpi2:0Gxpi2:0,Gypi2:0Gypi2:0Gypi2:0,Gxpi2:0Gxpi2:0Gxpi2:0,10,5,1,9,3,1,1,3,7,32766,8191,2,8196
69,Gypi2:0Gypi2:0Gypi2:0(Gxpi2:0)Gypi2:0Gypi2:0Gypi2:0@(0)  251  773,Gypi2:0Gypi2:0Gypi2:0,Gxpi2:0,1,Gypi2:0Gypi2:0Gypi2:0,Gypi2:0Gypi2:0Gypi2:0,Gypi2:0Gypi2:0Gypi2:0,10,5,1,10,3,1,1,3,7,32766,8191,2,8196
70,Gxpi2:0(Gypi2:0)Gxpi2:0@(0)  269  755,Gxpi2:0,Gypi2:0,1,Gxpi2:0,Gxpi2:0,Gxpi2:0,5,6,1,5,1,1,1,1,3,32770,8192,2,8197
71,Gxpi2:0(Gypi2:0)Gypi2:0@(0)  576  448,Gxpi2:0,Gypi2:0,1,Gypi2:0,Gxpi2:0,Gypi2:0,5,6,1,6,1,1,1,1,3,32770,8192,2,8197
72,Gxpi2:0(Gypi2:0)Gxpi2:0Gxpi2:0@(0)  563  461,Gxpi2:0,Gypi2:0,1,Gxpi2:0Gxpi2:0,Gxpi2:0,Gxpi2:0Gxpi2:0,5,6,1,7,1,1,1,2,4,32769,8192,1,8196
73,Gxpi2:0(Gypi2:0)Gxpi2:0Gxpi2:0Gxpi2:0@(0)  857  167,Gxpi2:0,Gypi2:0,1,Gxpi2:0Gxpi2:0Gxpi2:0,Gxpi2:0,Gxpi2:0Gxpi2:0Gxpi2:0,5,6,1,9,1,1,1,3,5,32768,8192,0,8195
74,Gxpi2:0(Gypi2:0)Gypi2:0Gypi2:0Gypi2:0@(0)  555  469,Gxpi2:0,Gypi2:0,1,Gypi2:0Gypi2:0Gypi2:0,Gxpi2:0,Gypi2:0Gypi2:0Gypi2:0,5,6,1,10,1,1,1,3,5,32768,8192,0,8195
75,Gypi2:0(Gypi2:0)Gxpi2:0@(0)  556  468,Gypi2:0,Gypi2:0,1,Gxpi2:0,Gypi2:0,Gxpi2:0,6,6,1,5,1,1,1,1,3,32770,8192,2,8197
76,Gypi2:0(Gypi2:0)Gxpi2:0Gxpi2:0@(0)  842  182,Gypi2:0,Gypi2:0,1,Gxpi2:0Gxpi2:0,Gypi2:0,Gxpi2:0Gxpi2:0,6,6,1,7,1,1,1,2,4,32769,8192,1,8196
77,Gypi2:0(Gypi2:0)Gxpi2:0Gxpi2:0Gxpi2:0@(0)  560  464,Gypi2:0,Gypi2:0,1,Gxpi2:0Gxpi2:0Gxpi2:0,Gypi2:0,Gxpi2:0Gxpi2:0Gxpi2:0,6,6,1,9,1,1,1,3,5,32768,8192,0,8195
78,Gypi2:0(Gypi2:0)Gypi2:0Gypi2:0Gypi2:0@(0)  599  425,Gypi2:0,Gypi2:0,1,Gypi2:0Gypi2:0Gypi2:0,Gypi2:0,Gypi2:0Gypi2:0Gypi2:0,6,6,1,10,1,1,1,3,5,32768,8192,0,8195
79,Gxpi2:0Gxpi2:0(Gypi2:0)Gxpi2:0@(0)  559  465,Gxpi2:0Gxpi2:0,Gypi2:0,1,Gxpi2:0,Gxpi2:0Gxpi2:0,Gxpi2:0,7,6,1,5,2,1,1,1,4,32769,8192,1,8196
80,Gxpi2:0Gxpi2:0(Gypi2:0)Gypi2:0@(0)  849  175,Gxpi2:0Gxpi2:0,Gypi2:0,1,Gypi2:0,Gxpi2:0Gxpi2:0,Gypi2:0,7,6,1,6,2,1,1,1,4,32769,8192,1,8196
81,Gxpi2:0Gxpi2:0(Gypi2:0)Gxpi2:0Gxpi2:0@(0)  561  463,Gxpi2:0Gxpi2:0,Gypi2:0,1,Gxpi2:0Gxpi2:0,Gxpi2:0Gxpi2:0,Gxpi2:0Gxpi2:0,7,6,1,7,2,1,1,2,5,32768,8192,0,8195
82,Gxpi2:0Gxpi2:0(Gypi2:0)Gxpi2:0Gxpi2:0Gxpi2:0@(0)  576  448,Gxpi2:0Gxpi2:0,Gypi2:0,1,Gxpi2:0Gxpi2:0Gxpi2:0,Gxpi2:0Gxpi2:0,Gxpi2:0Gxpi2:0Gxpi2:0,7,6,1,9,2,1,1,3,6,32767,8191,3,8197
83,Gxpi2:0Gxpi2:0(Gypi2:0)Gypi2:0Gypi2:0Gypi2:0@(0)  250  774,Gxpi2:0Gxpi2:0,Gypi2:0,1,Gypi2:0Gypi2:0Gypi2:0,Gxpi2:0Gxpi2:0,Gypi2:0Gypi2:0Gypi2:0,7,6,1,10,2,1,1,3,6,32767,8191,3,8197
84,Gxpi2:0Gxpi2:0Gxpi2:0(Gypi2:0)Gxpi2:0@(0)  838  186,Gxpi2:0Gxpi2:0Gxpi2:0,Gypi2:0,1,Gxpi2:0,Gxpi2:0Gxpi2:0Gxpi2:0,Gxpi2:0,9,6,1,5,3,1,1,1,5,32768,8192,0,8195
85,Gxpi2:0Gxpi2:0Gxpi2:0(Gypi2:0)Gypi2:0@(0)  534  490,Gxpi2:0Gxpi2:0Gxpi2:0,Gypi2:0,1,Gypi2:0,Gxpi2:0Gxpi2:0Gxpi2:0,Gypi2:0,9,6,1,6,3,1,1,1,5,32768,8192,0,8195
86,Gxpi2:0Gxpi2:0Gxpi2:0(Gypi2:0)Gxpi2:0Gxpi2:0@(0)  565  459,Gxpi2:0Gxpi2:0Gxpi2:0,Gypi2:0,1,Gxpi2:0Gxpi2:0,Gxpi2:0Gxpi2:0Gxpi2:0,Gxpi2:0Gxpi2:0,9,6,1,7,3,1,1,2,6,32767,8191,3,8197
87,Gxpi2:0Gxpi2:0Gxpi2:0(Gypi2:0)Gxpi2:0Gxpi2:0Gxpi2:0@(0)  252  772,Gxpi2:0Gxpi2:0Gxpi2:0,Gypi2:0,1,Gxpi2:0Gxpi2:0Gxpi2:0,Gxpi2:0Gxpi2:0Gxpi2:0,Gxpi2:0Gxpi2:0Gxpi2:0,9,6,1,9,3,1,1,3,7,32766,8191,2,8196
88,Gxpi2:0Gxpi2:0Gxpi2:0(Gypi2:0)Gypi2:0Gypi2:0Gypi2:0@(0)  545  479,Gxpi2:0Gxpi2:0Gxpi2:0,Gypi2:0,1,Gypi2:0Gypi2:0Gypi2:0,Gxpi2:0Gxpi2:0Gxpi2:0,Gypi2:0Gypi2:0Gypi2:0,9,6,1,10,3,1,1,3,7,32766,8191,2,8196
89,Gypi2:0Gypi2:0Gypi2:0(Gypi2:0)Gxpi2:0@(0)  581  443,Gypi2:0Gypi2:0Gypi2:0,Gypi2:0,1,Gxpi2:0,Gypi2:0Gypi2:0Gypi2:0,Gxpi2:0,10,6,1,5,3,1,1,1,5,32768,8192,0,8195
90,Gypi2:0Gypi2:0Gypi2:0(Gypi2:0)Gxpi2:0Gxpi2:0@(0)  248  776,Gypi2:0Gypi2:0Gypi2:0,Gypi2:0,1,Gxpi2:0Gxpi2:0,Gypi2:0Gypi2:0Gypi2:0,Gxpi2:0Gxpi2:0,10,6,1,7,3,1,1,2,6,32767,8191,3,8197
91,Gypi2:0Gypi2:0Gypi2:0(Gypi2:0)Gxpi2:0Gxpi2:0Gxpi2:0@(0)  555  469,Gypi2:0Gypi2:0Gypi2:0,Gypi2:0,1,Gxpi2:0Gxpi2:0Gxpi2:0,Gypi2:0Gypi2:0Gypi2:0,Gxpi2:0Gxpi2:0Gxpi2:0,10,6,1,9,3,1,1,3,7,32766,8191,2,8196
92,Gypi2:0Gypi2:0Gypi2:0(Gypi2:0)Gypi2:0Gypi2:0Gypi2:0@(0)  587  437,Gypi2:0Gypi2:0Gypi2:0,Gypi2:0,1,Gypi2:0Gypi2:0Gypi2:0,Gypi2:0Gypi2:0Gypi2:0,Gypi2:0Gypi2:0Gypi2:0,10,6,1,10,3,1,1,3,7,32766,8191,2,8196
93,([])^2Gxpi2:0@(0)  575  449,,[],2,Gxpi2:0,,Gxpi2:0,-1,4,2,5,0,4,2,1,9,32764,8191,0,8194
94,([])^2Gypi2:0@(0)  542  482,,[],2,Gypi2:0,,Gypi2:0,-1,4,2,6,0,4,2,1,9,32764,8191,0,8194
95,([])^2Gxpi2:0Gxpi2:0@(0)  254  770,,[],2,Gxpi2:0Gxpi2:0,,Gxpi2:0Gxpi2:0,-1,4,2,7,0,4,2,2,10,32763,8190,3,8196
96,Gypi2:0([])^2Gypi2:0@(0)  300  724,Gypi2:0,[],2,Gypi2:0,Gypi2:0,Gypi2:0,6,4,2,6,1,4,2,1,10,32763,8190,3,8197
97,Gxpi2:0Gxpi2:0Gxpi2:0([])^2@(0)  567  457,Gxpi2:0Gxpi2:0Gxpi2:0,[],2,,Gxpi2:0Gxpi2:0Gxpi2:0,,9,4,2,-1,3,4,2,0,11,32762,8190,2,8195
98,Gxpi2:0Gxpi2:0Gxpi2:0([])^2Gxpi2:0@(0)  835  189,Gxpi2:0Gxpi2:0Gxpi2:0,[],2,Gxpi2:0,Gxpi2:0Gxpi2:0Gxpi2:0,Gxpi2:0,9,4,2,5,3,4,2,1,12,32761,8190,1,8195
99,Gxpi2:0Gxpi2:0Gxpi2:0([])^2Gypi2:0@(0)  541  483,Gxpi2:0Gxpi2:0Gxpi2:0,[],2,Gypi2:0,Gxpi2:0Gxpi2:0Gxpi2:0,Gypi2:0,9,4,2,6,3,4,2,1,12,32761,8190,1,8195
100,Gypi2:0Gypi2:0Gypi2:0([])^2Gxpi2:0@(0)  536  488,Gypi2:0Gypi2:0Gypi2:0,[],2,Gxpi2:0,Gypi2:0Gypi2:0Gypi2:0,Gxpi2:0,10,4,2,5,3,4,2,1,12,32761,8190,1,8195
101,Gypi2:0Gypi2:0Gypi2:0([])^2Gxpi2:0Gxpi2:0@(0)  598  426,Gypi2:0Gypi2:0Gypi2:0,[],2,Gxpi2:0Gxpi2:0,Gypi2:0Gypi2:0Gypi2:0,Gxpi2:0Gxpi2:0,10,4,2,7,3,4,2,2,13,32760,8190,0,8194
102,Gypi2:0Gypi2:0Gypi2:0(Gxpi2:0)^2Gypi2:0Gypi2:0Gypi2:0@(0)  252  772,Gypi2:0Gypi2:0Gypi2:0,Gxpi2:0,2,Gypi2:0Gypi2:0Gypi2:0,Gypi2:0Gypi2:0Gypi2:0,Gypi2:0Gypi2:0Gypi2:0,10,5,2,10,3,1,2,3,8,32765,8191,1,8196
103,Gxpi2:0(Gypi2:0)^2Gxpi2:0Gxpi2:0Gxpi2:0@(0)  855  169,Gxpi2:0,Gypi2:0,2,Gxpi2:0Gxpi2:0Gxpi2:0,Gxpi2:0,Gxpi2:0Gxpi2:0Gxpi2:0,5,6,2,9,1,1,2,3,6,32767,8191,3,8198
104,Gypi2:0(Gxpi2:0Gypi2:0)Gypi2:0Gypi2:0Gypi2:0@(0)  571  453,Gypi2:0,Gxpi2:0Gypi2:0,1,Gypi2:0Gypi2:0Gypi2:0,Gypi2:0,Gypi2:0Gypi2:0Gypi2:0,6,8,1,10,1,2,1,3,6,32767,8191,3,8197
105,Gxpi2:0Gxpi2:0Gxpi2:0(Gxpi2:0Gypi2:0)Gypi2:0@(0)  289  735,Gxpi2:0Gxpi2:0Gxpi2:0,Gxpi2:0Gypi2:0,1,Gypi2:0,Gxpi2:0Gxpi2:0Gxpi2:0,Gypi2:0,9,8,1,6,3,2,1,1,6,32767,8191,3,8197
106,Gxpi2:0Gxpi2:0Gxpi2:0(Gxpi2:0Gypi2:0)Gxpi2:0Gxpi2:0@(0)  550  474,Gxpi2:0Gxpi2:0Gxpi2:0,Gxpi2:0Gypi2:0,1,Gxpi2:0Gxpi2:0,Gxpi2:0Gxpi2:0Gxpi2:0,Gxpi2:0Gxpi2:0,9,8,1,7,3,2,1,2,7,32766,8191,2,8196
107,([])^4Gxpi2:0@(0)  594  430,,[],4,Gxpi2:0,,Gxpi2:0,-1,4,4,5,0,4,4,1,17,32756,8189,0,8194
108,([])^4Gypi2:0@(0)  550  474,,[],4,Gypi2:0,,Gypi2:0,-1,4,4,6,0,4,4,1,17,32756,8189,0,8194
109,([])^4Gxpi2:0Gxpi2:0@(0)  261  763,,[],4,Gxpi2:0Gxpi2:0,,Gxpi2:0Gxpi2:0,-1,4,4,7,0,4,4,2,18,32755,8188,3,8196
110,Gypi2:0([])^4Gypi2:0@(0)  280  744,Gypi2:0,[],4,Gypi2:0,Gypi2:0,Gypi2:0,6,4,4,6,1,4,4,1,18,32755,8188,3,8197
111,Gxpi2:0Gxpi2:0Gxpi2:0([])^4@(0)  531  493,Gxpi2:0Gxpi2:0Gxpi2:0,[],4,,Gxpi2:0Gxpi2:0Gxpi2:0,,9,4,4,-1,3,4,4,0,19,32754,8188,2,8195
112,Gxpi2:0Gxpi2:0Gxpi2:0([])^4Gxpi2:0@(0)  869  155,Gxpi2:0Gxpi2:0Gxpi2:0,[],4,Gxpi2:0,Gxpi2:0Gxpi2:0Gxpi2:0,Gxpi2:0,9,4,4,5,3,4,4,1,20,32753,8188,1,8195
113,Gxpi2:0Gxpi2:0Gxpi2:0([])^4Gypi2:0@(0)  571  453,Gxpi2:0Gxpi2:0Gxpi2:0,[],4,Gypi2:0,Gxpi2:0Gxpi2:0Gxpi2:0,Gypi2:0,9,4,4,6,3,4,4,1,20,32753,8188,1,8195
114,Gypi2:0Gypi2:0Gypi2:0([])^4Gxpi2:0@(0)  559  465,Gypi2:0Gypi2:0Gypi2:0,[],4,Gxpi2:0,Gypi2:0Gypi2:0Gypi2:0,Gxpi2:0,10,4,4,5,3,4,4,1,20,32753,8188,1,8195
115,Gypi2:0Gypi2:0Gypi2:0([])^4Gxpi2:0Gxpi2:0@(0)  571  453,Gypi2:0Gypi2:0Gypi2:0,[],4,Gxpi2:0Gxpi2:0,Gypi2:0Gypi2:0Gypi2:0,Gxpi2:0Gxpi2:0,10,4,4,7,3,4,4,2,21,32752,8188,0,8194
116,Gxpi2:0(Gxpi2:0)^4Gxpi2:0Gxpi2:0Gxpi2:0@(0)  830  194,Gxpi2:0,Gxpi2:0,4,Gxpi2:0Gxpi2:0Gxpi2:0,Gxpi2:0,Gxpi2:0Gxpi2:0Gxpi2:0,5,5,4,9,1,1,4,3,8,32765,8191,1,8198
117,Gypi2:0Gypi2:0Gypi2:0(Gxpi2:0)^4Gypi2:0Gypi2:0Gypi2:0@(0)  226  798,Gypi2:0Gypi2:0Gypi2:0,Gxpi2:0,4,Gypi2:0Gypi2:0Gypi2:0,Gypi2:0Gypi2:0Gypi2:0,Gypi2:0Gypi2:0Gypi2:0,10,5,4,10,3,1,4,3,10,32763,8190,3,8199
118,Gxpi2:0(Gypi2:0)^4Gxpi2:0Gxpi2:0Gxpi2:0@(0)  816  208,Gxpi2:0,Gypi2:0,4,Gxpi2:0Gxpi2:0Gxpi2:0,Gxpi2:0,Gxpi2:0Gxpi2:0Gxpi2:0,5,6,4,9,1,1,4,3,8,32765,8191,1,8198
119,Gypi2:0(Gypi2:0)^4Gxpi2:0Gxpi2:0@(0)  549  475,Gypi2:0,Gypi2:0,4,Gxpi2:0Gxpi2:0,Gypi2:0,Gxpi2:0Gxpi2:0,6,6,4,7,1,1,4,2,7,32766,8191,2,8199
120,Gypi2:0Gypi2:0Gypi2:0(Gypi2:0)^4Gypi2:0@(0)  861  163,Gypi2:0Gypi2:0Gypi2:0,Gypi2:0,4,Gypi2:0,Gypi2:0Gypi2:0Gypi2:0,Gypi2:0,10,6,4,6,3,1,4,1,8,32765,8191,1,8198
121,Gxpi2:0(Gxpi2:0Gypi2:0)^2Gxpi2:0@(0)  537  487,Gxpi2:0,Gxpi2:0Gypi2:0,2,Gxpi2:0,Gxpi2:0,Gxpi2:0,5,8,2,5,1,2,2,1,6,32767,8191,3,8198
122,Gxpi2:0(Gxpi2:0Gypi2:0)^2Gypi2:0Gypi2:0Gypi2:0@(0)  574  450,Gxpi2:0,Gxpi2:0Gypi2:0,2,Gypi2:0Gypi2:0Gypi2:0,Gxpi2:0,Gypi2:0Gypi2:0Gypi2:0,5,8,2,10,1,2,2,3,8,32765,8191,1,8196
123,Gypi2:0(Gxpi2:0Gypi2:0)^2Gypi2:0Gypi2:0Gypi2:0@(0)  537  487,Gypi2:0,Gxpi2:0Gypi2:0,2,Gypi2:0Gypi2:0Gypi2:0,Gypi2:0,Gypi2:0Gypi2:0Gypi2:0,6,8,2,10,1,2,2,3,8,32765,8191,1,8196
124,Gxpi2:0Gxpi2:0Gxpi2:0(Gxpi2:0Gypi2:0)^2Gypi2:0@(0)  568  456,Gxpi2:0Gxpi2:0Gxpi2:0,Gxpi2:0Gypi2:0,2,Gypi2:0,Gxpi2:0Gxpi2:0Gxpi2:0,Gypi2:0,9,8,2,6,3,2,2,1,8,32765,8191,1,8196
125,Gxpi2:0Gxpi2:0Gxpi2:0(Gxpi2:0Gypi2:0)^2Gxpi2:0Gxpi2:0@(0)  856  168,Gxpi2:0Gxpi2:0Gxpi2:0,Gxpi2:0Gypi2:0,2,Gxpi2:0Gxpi2:0,Gxpi2:0Gxpi2:0Gxpi2:0,Gxpi2:0Gxpi2:0,9,8,2,7,3,2,2,2,9,32764,8191,0,8195
126,Gypi2:0(Gxpi2:0Gxpi2:0Gypi2:0)Gxpi2:0Gxpi2:0@(0)  885  139,Gypi2:0,Gxpi2:0Gxpi2:0Gypi2:0,1,Gxpi2:0Gxpi2:0,Gypi2:0,Gxpi2:0Gxpi2:0,6,11,1,7,1,3,1,2,6,32767,8191,3,8197
127,Gxpi2:0Gxpi2:0Gxpi2:0(Gxpi2:0Gxpi2:0Gypi2:0)Gypi2:0@(0)  565  459,Gxpi2:0Gxpi2:0Gxpi2:0,Gxpi2:0Gxpi2:0Gypi2:0,1,Gypi2:0,Gxpi2:0Gxpi2:0Gxpi2:0,Gypi2:0,9,11,1,6,3,3,1,1,7,32766,8191,2,8196
128,Gypi2:0Gypi2:0Gypi2:0(Gxpi2:0Gxpi2:0Gypi2:0)Gxpi2:0Gxpi2:0Gxpi2:0@(0)  525  499,Gypi2:0Gypi2:0Gypi2:0,Gxpi2:0Gxpi2:0Gypi2:0,1,Gxpi2:0Gxpi2:0Gxpi2:0,Gypi2:0Gypi2:0Gypi2:0,Gxpi2:0Gxpi2:0Gxpi2:0,10,11,1,9,3,3,1,3,9,32764,8191,0,8194
129,([])^8Gxpi2:0@(0)  558  466,,[],8,Gxpi2:0,,Gxpi2:0,-1,4,8,5,0,4,8,1,33,32740,8185,0,8194
130,([])^8Gypi2:0@(0)  549  475,,[],8,Gypi2:0,,Gypi2:0,-1,4,8,6,0,4,8,1,33,32740,8185,0,8194
131,([])^8Gxpi2:0Gxpi2:0@(0)  292  732,,[],8,Gxpi2:0Gxpi2:0,,Gxpi2:0Gxpi2:0,-1,4,8,7,0,4,8,2,34,32739,8184,3,8196
132,Gypi2:0([])^8Gypi2:0@(0)  281  743,Gypi2:0,[],8,Gypi2:0,Gypi2:0,Gypi2:0,6,4,8,6,1,4,8,1,34,32739,8184,3,8197
133,Gxpi2:0Gxpi2:0Gxpi2:0([])^8@(0)  570  454,Gxpi2:0Gxpi2:0Gxpi2:0,[],8,,Gxpi2:0Gxpi2:0Gxpi2:0,,9,4,8,-1,3,4,8,0,35,32738,8184,2,8195
134,Gxpi2:0Gxpi2:0Gxpi2:0([])^8Gxpi2:0@(0)  858  166,Gxpi2:0Gxpi2:0Gxpi2:0,[],8,Gxpi2:0,Gxpi2:0Gxpi2:0Gxpi2:0,Gxpi2:0,9,4,8,5,3,4,8,1,36,32737,8184,1,8195
135,Gxpi2:0Gxpi2:0Gxpi2:0([])^8Gypi2:0@(0)  557  467,Gxpi2:0Gxpi2:0Gxpi2:0,[],8,Gypi2:0,Gxpi2:0Gxpi2:0Gxpi2:0,Gypi2:0,9,4,8,6,3,4,8,1,36,32737,8184,1,8195
136,Gypi2:0Gypi2:0Gypi2:0([])^8Gxpi2:0@(0)  535  489,Gypi2:0Gypi2:0Gypi2:0,[],8,Gxpi2:0,Gypi2:0Gypi2:0Gypi2:0,Gxpi2:0,10,4,8,5,3,4,8,1,36,32737,8184,1,8195
137,Gypi2:0Gypi2:0Gypi2:0([])^8Gxpi2:0Gxpi2:0@(0)  575  449,Gypi2:0Gypi2:0Gypi2:0,[],8,Gxpi2:0Gxpi2:0,Gypi2:0Gypi2:0Gypi2:0,Gxpi2:0Gxpi2:0,10,4,8,7,3,4,8,2,37,32736,8184,0,8194
138,(Gxpi2:0)^8Gxpi2:0Gxpi2:0Gxpi2:0@(0)  558  466,,Gxpi2:0,8,Gxpi2:0Gxpi2:0Gxpi2:0,,Gxpi2:0Gxpi2:0Gxpi2:0,-1,5,8,9,0,1,8,3,11,32762,8190,2,8201
139,Gxpi2:0(Gxpi2:0)^8Gxpi2:0Gxpi2:0Gxpi2:0@(0)  851  173,Gxpi2:0,Gxpi2:0,8,Gxpi2:0Gxpi2:0Gxpi2:0,Gxpi2:0,Gxpi2:0Gxpi2:0Gxpi2:0,5,5,8,9,1,1,8,3,12,32761,8190,1,8201
140,Gypi2:0Gypi2:0Gypi2:0(Gxpi2:0)^8Gypi2:0Gypi2:0Gypi2:0@(0)  206  818,Gypi2:0Gypi2:0Gypi2:0,Gxpi2:0,8,Gypi2:0Gypi2:0Gypi2:0,Gypi2:0Gypi2:0Gypi2:0,Gypi2:0Gypi2:0Gypi2:0,10,5,8,10,3,1,8,3,14,32759,8189,3,8202
141,Gxpi2:0(Gypi2:0)^8Gxpi2:0Gxpi2:0Gxpi2:0@(0)  813  211,Gxpi2:0,Gypi2:0,8,Gxpi2:0Gxpi2:0Gxpi2:0,Gxpi2:0,Gxpi2:0Gxpi2:0Gxpi2:0,5,6,8,9,1,1,8,3,12,32761,8190,1,8201
142,Gypi2:0(Gypi2:0)^8Gxpi2:0Gxpi2:0@(0)  510  514,Gypi2:0,Gypi2:0,8,Gxpi2:0Gxpi2:0,Gypi2:0,Gxpi2:0Gxpi2:0,6,6,8,7,1,1,8,2,11,32762,8190,2,8202
143,Gypi2:0Gypi2:0Gypi2:0(Gypi2:0)^8Gypi2:0@(0)  852  172,Gypi2:0Gypi2:0Gypi2:0,Gypi2:0,8,Gypi2:0,Gypi2:0Gypi2:0Gypi2:0,Gypi2:0,10,6,8,6,3,1,8,1,12,32761,8190,1,8201
144,Gxpi2:0(Gxpi2:0Gypi2:0)^4Gxpi2:0@(0)  583  441,Gxpi2:0,Gxpi2:0Gypi2:0,4,Gxpi2:0,Gxpi2:0,Gxpi2:0,5,8,4,5,1,2,4,1,10,32763,8190,3,8199
145,Gxpi2:0(Gxpi2:0Gypi2:0)^4Gypi2:0Gypi2:0Gypi2:0@(0)  241  783,Gxpi2:0,Gxpi2:0Gypi2:0,4,Gypi2:0Gypi2:0Gypi2:0,Gxpi2:0,Gypi2:0Gypi2:0Gypi2:0,5,8,4,10,1,2,4,3,12,32761,8190,1,8197
146,Gypi2:0(Gxpi2:0Gypi2:0)^4Gypi2:0Gypi2:0Gypi2:0@(0)  558  466,Gypi2:0,Gxpi2:0Gypi2:0,4,Gypi2:0Gypi2:0Gypi2:0,Gypi2:0,Gypi2:0Gypi2:0Gypi2:0,6,8,4,10,1,2,4,3,12,32761,8190,1,8197
147,Gxpi2:0Gxpi2:0Gxpi2:0(Gxpi2:0Gypi2:0)^4Gypi2:0@(0)  249  775,Gxpi2:0Gxpi2:0Gxpi2:0,Gxpi2:0Gypi2:0,4,Gypi2:0,Gxpi2:0Gxpi2:0Gxpi2:0,Gypi2:0,9,8,4,6,3,2,4,1,12,32761,8190,1,8197
148,Gxpi2:0Gxpi2:0Gxpi2:0(Gxpi2:0Gypi2:0)^4Gxpi2:0Gxpi2:0@(0)  536  488,Gxpi2:0Gxpi2:0Gxpi2:0,Gxpi2:0Gypi2:0,4,Gxpi2:0Gxpi2:0,Gxpi2:0Gxpi2:0Gxpi2:0,Gxpi2:0Gxpi2:0,9,8,4,7,3,2,4,2,13,32760,8190,0,8196
149,(Gxpi2:0Gxpi2:0Gypi2:0)^2@(0)  842  182,,Gxpi2:0Gxpi2:0Gypi2:0,2,,,,-1,11,2,-1,0,3,2,0,6,32767,8191,3,8196
150,Gxpi2:0(Gxpi2:0Gxpi2:0Gypi2:0)^2Gxpi2:0Gxpi2:0Gxpi2:0@(0)  888  136,Gxpi2:0,Gxpi2:0Gxpi2:0Gypi2:0,2,Gxpi2:0Gxpi2:0Gxpi2:0,Gxpi2:0,Gxpi2:0Gxpi2:0Gxpi2:0,5,11,2,9,1,3,2,3,10,32763,8190,3,8197
151,Gypi2:0(Gxpi2:0Gxpi2:0Gypi2:0)^2Gxpi2:0Gxpi2:0@(0)  542  482,Gypi2:0,Gxpi2:0Gxpi2:0Gypi2:0,2,Gxpi2:0Gxpi2:0,Gypi2:0,Gxpi2:0Gxpi2:0,6,11,2,7,1,3,2,2,9,32764,8191,0,8195
152,Gxpi2:0Gxpi2:0Gxpi2:0(Gxpi2:0Gxpi2:0Gypi2:0)^2Gypi2:0@(0)  580  444,Gxpi2:0Gxpi2:0Gxpi2:0,Gxpi2:0Gxpi2:0Gypi2:0,2,Gypi2:0,Gxpi2:0Gxpi2:0Gxpi2:0,Gypi2:0,9,11,2,6,3,3,2,1,10,32763,8190,3,8197
153,Gypi2:0Gypi2:0Gypi2:0(Gxpi2:0Gxpi2:0Gypi2:0)^2Gxpi2:0Gxpi2:0Gxpi2:0@(0)  578  446,Gypi2:0Gypi2:0Gypi2:0,Gxpi2:0Gxpi2:0Gypi2:0,2,Gxpi2:0Gxpi2:0Gxpi2:0,Gypi2:0Gypi2:0Gypi2:0,Gxpi2:0Gxpi2:0Gxpi2:0,10,11,2,9,3,3,2,3,12,32761,8190,1,8195
154,([])^16Gxpi2:0@(0)  551  473,,[],16,Gxpi2:0,,Gxpi2:0,-1,4,16,5,0,4,16,1,65,32708,8177,0,8194
155,([])^16Gypi2:0@(0)  538  486,,[],16,Gypi2:0,,Gypi2:0,-1,4,16,6,0,4,16,1,65,32708,8177,0,8194
156,([])^16Gxpi2:0Gxpi2:0@(0)  263  761,,[],16,Gxpi2:0Gxpi2:0,,Gxpi2:0Gxpi2:0,-1,4,16,7,0,4,16,2,66,32707,8176,3,8196
157,Gypi2:0([])^16Gypi2:0@(0)  272  752,Gypi2:0,[],16,Gypi2:0,Gypi2:0,Gypi2:0,6,4,16,6,1,4,16,1,66,32707,8176,3,8197
158,Gxpi2:0Gxpi2:0Gxpi2:0([])^16@(0)  531  493,Gxpi2:0Gxpi2:0Gxpi2:0,[],16,,Gxpi2:0Gxpi2:0Gxpi2:0,,9,4,16,-1,3,4,16,0,67,32706,8176,2,8195
159,Gxpi2:0Gxpi2:0Gxpi2:0([])^16Gxpi2:0@(0)  850  174,Gxpi2:0Gxpi2:0Gxpi2:0,[],16,Gxpi2:0,Gxpi2:0Gxpi2:0Gxpi2:0,Gxpi2:0,9,4,16,5,3,4,16,1,68,32705,8176,1,8195
160,Gxpi2:0Gxpi2:0Gxpi2:0([])^16Gypi2:0@(0)  540  484,Gxpi2:0Gxpi2:0Gxpi2:0,[],16,Gypi2:0,Gxpi2:0Gxpi2:0Gxpi2:0,Gypi2:0,9,4,16,6,3,4,16,1,68,32705,8176,1,8195
161,Gypi2:0Gypi2:0Gypi2:0([])^16Gxpi2:0@(0)  564  460,Gypi2:0Gypi2:0Gypi2:0,[],16,Gxpi2:0,Gypi2:0Gypi2:0Gypi2:0,Gxpi2:0,10,4,16,5,3,4,16,1,68,32705,8176,1,8195
162,Gypi2:0Gypi2:0Gypi2:0([])^16Gxpi2:0Gxpi2:0@(0)  572  452,Gypi2:0Gypi2:0Gypi2:0,[],16,Gxpi2:0Gxpi2:0,Gypi2:0Gypi2:0Gypi2:0,Gxpi2:0Gxpi2:0,10,4,16,7,3,4,16,2,69,32704,8176,0,8194
163,(Gxpi2:0)^16Gxpi2:0Gxpi2:0Gxpi2:0@(0)  538  486,,Gxpi2:0,16,Gxpi2:0Gxpi2:0Gxpi2:0,,Gxpi2:0Gxpi2:0Gxpi2:0,-1,5,16,9,0,1,16,3,19,32754,8188,2,8207
164,Gxpi2:0(Gxpi2:0)^16Gxpi2:0Gxpi2:0Gxpi2:0@(0)  847  177,Gxpi2:0,Gxpi2:0,16,Gxpi2:0Gxpi2:0Gxpi2:0,Gxpi2:0,Gxpi2:0Gxpi2:0Gxpi2:0,5,5,16,9,1,1,16,3,20,32753,8188,1,8207
165,Gypi2:0Gypi2:0Gypi2:0(Gxpi2:0)^16Gypi2:0Gypi2:0Gypi2:0@(0)  229  795,Gypi2:0Gypi2:0Gypi2:0,Gxpi2:0,16,Gypi2:0Gypi2:0Gypi2:0,Gypi2:0Gypi2:0Gypi2:0,Gypi2:0Gypi2:0Gypi2:0,10,5,16,10,3,1,16,3,22,32751,8187,3,8208
166,Gxpi2:0(Gypi2:0)^16Gxpi2:0Gxpi2:0Gxpi2:0@(0)  828  196,Gxpi2:0,Gypi2:0,16,Gxpi2:0Gxpi2:0Gxpi2:0,Gxpi2:0,Gxpi2:0Gxpi2:0Gxpi2:0,5,6,16,9,1,1,16,3,20,32753,8188,1,8207
167,Gypi2:0(Gypi2:0)^16Gxpi2:0Gxpi2:0@(0)  542  482,Gypi2:0,Gypi2:0,16,Gxpi2:0Gxpi2:0,Gypi2:0,Gxpi2:0Gxpi2:0,6,6,16,7,1,1,16,2,19,32754,8188,2,8208
168,Gypi2:0Gypi2:0Gypi2:0(Gypi2:0)^16Gypi2:0@(0)  850  174,Gypi2:0Gypi2:0Gypi2:0,Gypi2:0,16,Gypi2:0,Gypi2:0Gypi2:0Gypi2:0,Gypi2:0,10,6,16,6,3,1,16,1,20,32753,8188,1,8207
169,Gxpi2:0(Gxpi2:0Gypi2:0)^8Gxpi2:0@(0)  544  480,Gxpi2:0,Gxpi2:0Gypi2:0,8,Gxpi2:0,Gxpi2:0,Gxpi2:0,5,8,8,5,1,2,8,1,18,32755,8188,3,8201
170,Gxpi2:0(Gxpi2:0Gypi2:0)^8Gypi2:0Gypi2:0Gypi2:0@(0)  529  495,Gxpi2:0,Gxpi2:0Gypi2:0,8,Gypi2:0Gypi2:0Gypi2:0,Gxpi2:0,Gypi2:0Gypi2:0Gypi2:0,5,8,8,10,1,2,8,3,20,32753,8188,1,8199
171,Gypi2:0(Gxpi2:0Gypi2:0)^8Gypi2:0Gypi2:0Gypi2:0@(0)  576  448,Gypi2:0,Gxpi2:0Gypi2:0,8,Gypi2:0Gypi2:0Gypi2:0,Gypi2:0,Gypi2:0Gypi2:0Gypi2:0,6,8,8,10,1,2,8,3,20,32753,8188,1,8199
172,Gxpi2:0Gxpi2:0Gxpi2:0(Gxpi2:0Gypi2:0)^8Gypi2:0@(0)  538  486,Gxpi2:0Gxpi2:0Gxpi2:0,Gxpi2:0Gypi2:0,8,Gypi2:0,Gxpi2:0Gxpi2:0Gxpi2:0,Gypi2:0,9,8,8,6,3,2,8,1,20,32753,8188,1,8199
173,Gxpi2:0Gxpi2:0Gxpi2:0(Gxpi2:0Gypi2:0)^8Gxpi2:0Gxpi2:0@(0)  847  177,Gxpi2:0Gxpi2:0Gxpi2:0,Gxpi2:0Gypi2:0,8,Gxpi2:0Gxpi2:0,Gxpi2:0Gxpi2:0Gxpi2:0,Gxpi2:0Gxpi2:0,9,8,8,7,3,2,8,2,21,32752,8188,0,8198
174,(Gxpi2:0Gxpi2:0Gypi2:0)^5@(0)  556  468,,Gxpi2:0Gxpi2:0Gypi2:0,5,,,,-1,11,5,-1,0,3,5,0,15,32758,8189,2,8196
175,Gxpi2:0(Gxpi2:0Gxpi2:0Gypi2:0)^5Gxpi2:0Gxpi2:0Gxpi2:0@(0)  244  780,Gxpi2:0,Gxpi2:0Gxpi2:0Gypi2:0,5,Gxpi2:0Gxpi2:0Gxpi2:0,Gxpi2:0,Gxpi2:0Gxpi2:0Gxpi2:0,5,11,5,9,1,3,5,3,19,32754,8188,2,8197
176,Gypi2:0(Gxpi2:0Gxpi2:0Gypi2:0)^5Gxpi2:0Gxpi2:0@(0)  817  207,Gypi2:0,Gxpi2:0Gxpi2:0Gypi2:0,5,Gxpi2:0Gxpi2:0,Gypi2:0,Gxpi2:0Gxpi2:0,6,11,5,7,1,3,5,2,18,32755,8188,3,8198
177,Gxpi2:0Gxpi2:0Gxpi2:0(Gxpi2:0Gxpi2:0Gypi2:0)^5Gypi2:0@(0)  556  468,Gxpi2:0Gxpi2:0Gxpi2:0,Gxpi2:0Gxpi2:0Gypi2:0,5,Gypi2:0,Gxpi2:0Gxpi2:0Gxpi2:0,Gypi2:0,9,11,5,6,3,3,5,1,19,32754,8188,2,8197
178,Gypi2:0Gypi2:0Gypi2:0(Gxpi2:0Gxpi2:0Gypi2:0)^5Gxpi2:0Gxpi2:0Gxpi2:0@(0)  545  479,Gypi2:0Gypi2:0Gypi2:0,Gxpi2:0Gxpi2:0Gypi2:0,5,Gxpi2:0Gxpi2:0Gxpi2:0,Gypi2:0Gypi2:0Gypi2:0,Gxpi2:0Gxpi2:0Gxpi2:0,10,11,5,9,3,3,5,3,21,32752,8188,0,8195
179,([])^32Gxpi2:0@(0)  630  394,,[],32,Gxpi2:0,,Gxpi2:0,-1,4,32,5,0,4,32,1,129,32644,8161,0,8194
180,([])^32Gypi2:0@(0)  523  501,,[],32,Gypi2:0,,Gypi2:0,-1,4,32,6,0,4,32,1,129,32644,8161,0,8194
181,([])^32Gxpi2:0Gxpi2:0@(0)  265  759,,[],32,Gxpi2:0Gxpi2:0,,Gxpi2:0Gxpi2:0,-1,4,32,7,0,4,32,2,130,32643,8160,3,8196
182,Gypi2:0([])^32Gypi2:0@(0)  268  756,Gypi2:0,[],32,Gypi2:0,Gypi2:0,Gypi2:0,6,4,32,6,1,4,32,1,130,32643,8160,3,8197
183,Gxpi2:0Gxpi2:0Gxpi2:0([])^32@(0)  459  565,Gxpi2:0Gxpi2:0Gxpi2:0,[],32,,Gxpi2:0Gxpi2:0Gxpi2:0,,9,4,32,-1,3,4,32,0,131,32642,8160,2,8195
184,Gxpi2:0Gxpi2:0Gxpi2:0([])^32Gxpi2:0@(0)  819  205,Gxpi2:0Gxpi2:0Gxpi2:0,[],32,Gxpi2:0,Gxpi2:0Gxpi2:0Gxpi2:0,Gxpi2:0,9,4,32,5,3,4,32,1,132,32641,8160,1,8195
185,Gxpi2:0Gxpi2:0Gxpi2:0([])^32Gypi2:0@(0)  542  482,Gxpi2:0Gxpi2:0Gxpi2:0,[],32,Gypi2:0,Gxpi2:0Gxpi2:0Gxpi2:0,Gypi2:0,9,4,32,6,3,4,32,1,132,32641,8160,1,8195
186,Gypi2:0Gypi2:0Gypi2:0([])^32Gxpi2:0@(0)  551  473,Gypi2:0Gypi2:0Gypi2:0,[],32,Gxpi2:0,Gypi2:0Gypi2:0Gypi2:0,Gxpi2:0,10,4,32,5,3,4,32,1,132,32641,8160,1,8195
187,Gypi2:0Gypi2:0Gypi2:0([])^32Gxpi2:0Gxpi2:0@(0)  560  464,Gypi2:0Gypi2:0Gypi2:0,[],32,Gxpi2:0Gxpi2:0,Gypi2:0Gypi2:0Gypi2:0,Gxpi2:0Gxpi2:0,10,4,32,7,3,4,32,2,133,32640,8160,0,8194
188,(Gxpi2:0)^32Gxpi2:0Gxpi2:0Gxpi2:0@(0)  549  475,,Gxpi2:0,32,Gxpi2:0Gxpi2:0Gxpi2:0,,Gxpi2:0Gxpi2:0Gxpi2:0,-1,5,32,9,0,1,32,3,35,32738,8184,2,8219
189,Gxpi2:0(Gxpi2:0)^32Gxpi2:0Gxpi2:0Gxpi2:0@(0)  825  199,Gxpi2:0,Gxpi2:0,32,Gxpi2:0Gxpi2:0Gxpi2:0,Gxpi2:0,Gxpi2:0Gxpi2:0Gxpi2:0,5,5,32,9,1,1,32,3,36,32737,8184,1,8219
190,Gypi2:0Gypi2:0Gypi2:0(Gxpi2:0)^32Gypi2:0Gypi2:0Gypi2:0@(0)  207  817,Gypi2:0Gypi2:0Gypi2:0,Gxpi2:0,32,Gypi2:0Gypi2:0Gypi2:0,Gypi2:0Gypi2:0Gypi2:0,Gypi2:0Gypi2:0Gypi2:0,10,5,32,10,3,1,32,3,38,32735,8183,3,8220
191,Gxpi2:0(Gypi2:0)^32Gxpi2:0Gxpi2:0Gxpi2:0@(0)  825  199,Gxpi2:0,Gypi2:0,32,Gxpi2:0Gxpi2:0Gxpi2:0,Gxpi2:0,Gxpi2:0Gxpi2:0Gxpi2:0,5,6,32,9,1,1,32,3,36,32737,8184,1,8219
192,Gypi2:0(Gypi2:0)^32Gxpi2:0Gxpi2:0@(0)  559  465,Gypi2:0,Gypi2:0,32,Gxpi2:0Gxpi2:0,Gypi2:0,Gxpi2:0Gxpi2:0,6,6,32,7,1,1,32,2,35,32738,8184,2,8220
193,Gypi2:0Gypi2:0Gypi2:0(Gypi2:0)^32Gypi2:0@(0)  850  174,Gypi2:0Gypi2:0Gypi2:0,Gypi2:0,32,Gypi2:0,Gypi2:0Gypi2:0Gypi2:0,Gypi2:0,10,6,32,6,3,1,32,1,36,32737,8184,1,8219
194,Gxpi2:0(Gxpi2:0Gypi2:0)^16Gxpi2:0@(0)  544  480,Gxpi2:0,Gxpi2:0Gypi2:0,16,Gxpi2:0,Gxpi2:0,Gxpi2:0,5,8,16,5,1,2,16,1,34,32739,8184,3,8205
195,Gxpi2:0(Gxpi2:0Gypi2:0)^16Gypi2:0Gypi2:0Gypi2:0@(0)  270  754,Gxpi2:0,Gxpi2:0Gypi2:0,16,Gypi2:0Gypi2:0Gypi2:0,Gxpi2:0,Gypi2:0Gypi2:0Gypi2:0,5,8,16,10,1,2,16,3,36,32737,8184,1,8203
196,Gypi2:0(Gxpi2:0Gypi2:0)^16Gypi2:0Gypi2:0Gypi2:0@(0)  556  468,Gypi2:0,Gxpi2:0Gypi2:0,16,Gypi2:0Gypi2:0Gypi2:0,Gypi2:0,Gypi2:0Gypi2:0Gypi2:0,6,8,16,10,1,2,16,3,36,32737,8184,1,8203
197,Gxpi2:0Gxpi2:0Gxpi2:0(Gxpi2:0Gypi2:0)^16Gypi2:0@(0)  260  764,Gxpi2:0Gxpi2:0Gxpi2:0,Gxpi2:0Gypi2:0,16,Gypi2:0,Gxpi2:0Gxpi2:0Gxpi2:0,Gypi2:0,9,8,16,6,3,2,16,1,36,32737,8184,1,8203
198,Gxpi2:0Gxpi2:0Gxpi2:0(Gxpi2:0Gypi2:0)^16Gxpi2:0Gxpi2:0@(0)  549  475,Gxpi2:0Gxpi2:0Gxpi2:0,Gxpi2:0Gypi2:0,16,Gxpi2:0Gxpi2:0,Gxpi2:0Gxpi2:0Gxpi2:0,Gxpi2:0Gxpi2:0,9,8,16,7,3,2,16,2,37,32736,8184,0,8202
199,(Gxpi2:0Gxpi2:0Gypi2:0)^10@(0)  828  196,,Gxpi2:0Gxpi2:0Gypi2:0,10,,,,-1,11,10,-1,0,3,10,0,30,32743,8185,3,8198
200,Gxpi2:0(Gxpi2:0Gxpi2:0Gypi2:0)^10Gxpi2:0Gxpi2:0Gxpi2:0@(0)  865  159,Gxpi2:0,Gxpi2:0Gxpi2:0Gypi2:0,10,Gxpi2:0Gxpi2:0Gxpi2:0,Gxpi2:0,Gxpi2:0Gxpi2:0Gxpi2:0,5,11,10,9,1,3,10,3,34,32739,8184,3,8199
201,Gypi2:0(Gxpi2:0Gxpi2:0Gypi2:0)^10Gxpi2:0Gxpi2:0@(0)  535  489,Gypi2:0,Gxpi2:0Gxpi2:0Gypi2:0,10,Gxpi2:0Gxpi2:0,Gypi2:0,Gxpi2:0Gxpi2:0,6,11,10,7,1,3,10,2,33,32740,8185,0,8197
202,Gxpi2:0Gxpi2:0Gxpi2:0(Gxpi2:0Gxpi2:0Gypi2:0)^10Gypi2:0@(0)  576  448,Gxpi2:0Gxpi2:0Gxpi2:0,Gxpi2:0Gxpi2:0Gypi2:0,10,Gypi2:0,Gxpi2:0Gxpi2:0Gxpi2:0,Gypi2:0,9,11,10,6,3,3,10,1,34,32739,8184,3,8199
203,Gypi2:0Gypi2:0Gypi2:0(Gxpi2:0Gxpi2:0Gypi2:0)^10Gxpi2:0Gxpi2:0Gxpi2:0@(0)  554  470,Gypi2:0Gypi2:0Gypi2:0,Gxpi2:0Gxpi2:0Gypi2:0,10,Gxpi2:0Gxpi2:0Gxpi2:0,Gypi2:0Gypi2:0Gypi2:0,Gxpi2:0Gxpi2:0Gxpi2:0,10,11,10,9,3,3,10,3,36,32737,8184,1,8197
204,([])^64Gxpi2:0@(0)  731  293,,[],64,Gxpi2:0,,Gxpi2:0,-1,4,64,5,0,4,64,1,257,32516,8129,0,8194
205,([])^64Gypi2:0@(0)  518  506,,[],64,Gypi2:0,,Gypi2:0,-1,4,64,6,0,4,64,1,257,32516,8129,0,8194
206,([])^64Gxpi2:0Gxpi2:0@(0)  329  695,,[],64,Gxpi2:0Gxpi2:0,,Gxpi2:0Gxpi2:0,-1,4,64,7,0,4,64,2,258,32515,8128,3,8196
207,Gypi2:0([])^64Gypi2:0@(0)  240  784,Gypi2:0,[],64,Gypi2:0,Gypi2:0,Gypi2:0,6,4,64,6,1,4,64,1,258,32515,8128,3,8197
208,Gxpi2:0Gxpi2:0Gxpi2:0([])^64@(0)  363  661,Gxpi2:0Gxpi2:0Gxpi2:0,[],64,,Gxpi2:0Gxpi2:0Gxpi2:0,,9,4,64,-1,3,4,64,0,259,32514,8128,2,8195
209,Gxpi2:0Gxpi2:0Gxpi2:0([])^64Gxpi2:0@(0)  781  243,Gxpi2:0Gxpi2:0Gxpi2:0,[],64,Gxpi2:0,Gxpi2:0Gxpi2:0Gxpi2:0,Gxpi2:0,9,4,64,5,3,4,64,1,260,32513,8128,1,8195
210,Gxpi2:0Gxpi2:0Gxpi2:0([])^64Gypi2:0@(0)  564  460,Gxpi2:0Gxpi2:0Gxpi2:0,[],64,Gypi2:0,Gxpi2:0Gxpi2:0Gxpi2:0,Gypi2:0,9,4,64,6,3,4,64,1,260,32513,8128,1,8195
211,Gypi2:0Gypi2:0Gypi2:0([])^64Gxpi2:0@(0)  536  488,Gypi2:0Gypi2:0Gypi2:0,[],64,Gxpi2:0,Gypi2:0Gypi2:0Gypi2:0,Gxpi2:0,10,4,64,5,3,4,64,1,260,32513,8128,1,8195
212,Gypi2:0Gypi2:0Gypi2:0([])^64Gxpi2:0Gxpi2:0@(0)  531  493,Gypi2:0Gypi2:0Gypi2:0,[],64,Gxpi2:0Gxpi2:0,Gypi2:0Gypi2:0Gypi2:0,Gxpi2:0Gxpi2:0,10,4,64,7,3,4,64,2,261,32512,8128,0,8194
213,(Gxpi2:0)^64Gxpi2:0Gxpi2:0Gxpi2:0@(0)  486  538,,Gxpi2:0,64,Gxpi2:0Gxpi2:0Gxpi2:0,,Gxpi2:0Gxpi2:0Gxpi2:0,-1,5,64,9,0,1,64,3,67,32706,8176,2,8243
214,Gxpi2:0(Gxpi2:0)^64Gxpi2:0Gxpi2:0Gxpi2:0@(0)  826  198,Gxpi2:0,Gxpi2:0,64,Gxpi2:0Gxpi2:0Gxpi2:0,Gxpi2:0,Gxpi2:0Gxpi2:0Gxpi2:0,5,5,64,9,1,1,64,3,68,32705,8176,1,8243
215,Gypi2:0Gypi2:0Gypi2:0(Gxpi2:0)^64Gypi2:0Gypi2:0Gypi2:0@(0)  242  782,Gypi2:0Gypi2:0Gypi2:0,Gxpi2:0,64,Gypi2:0Gypi2:0Gypi2:0,Gypi2:0Gypi2:0Gypi2:0,Gypi2:0Gypi2:0Gypi2:0,10,5,64,10,3,1,64,3,70,32703,8175,3,8244
216,Gxpi2:0(Gypi2:0)^64Gxpi2:0Gxpi2:0Gxpi2:0@(0)  789  235,Gxpi2:0,Gypi2:0,64,Gxpi2:0Gxpi2:0Gxpi2:0,Gxpi2:0,Gxpi2:0Gxpi2:0Gxpi2:0,5,6,64,9,1,1,64,3,68,32705,8176,1,8243
217,Gypi2:0(Gypi2:0)^64Gxpi2:0Gxpi2:0@(0)  472  552,Gypi2:0,Gypi2:0,64,Gxpi2:0Gxpi2:0,Gypi2:0,Gxpi2:0Gxpi2:0,6,6,64,7,1,1,64,2,67,32706,8176,2,8244
218,Gypi2:0Gypi2:0Gypi2:0(Gypi2:0)^64Gypi2:0@(0)  834  190,Gypi2:0Gypi2:0Gypi2:0,Gypi2:0,64,Gypi2:0,Gypi2:0Gypi2:0Gypi2:0,Gypi2:0,10,6,64,6,3,1,64,1,68,32705,8176,1,8243
219,Gxpi2:0(Gxpi2:0Gypi2:0)^32Gxpi2:0@(0)  552  472,Gxpi2:0,Gxpi2:0Gypi2:0,32,Gxpi2:0,Gxpi2:0,Gxpi2:0,5,8,32,5,1,2,32,1,66,32707,8176,3,8213
220,Gxpi2:0(Gxpi2:0Gypi2:0)^32Gypi2:0Gypi2:0Gypi2:0@(0)  561  463,Gxpi2:0,Gxpi2:0Gypi2:0,32,Gypi2:0Gypi2:0Gypi2:0,Gxpi2:0,Gypi2:0Gypi2:0Gypi2:0,5,8,32,10,1,2,32,3,68,32705,8176,1,8211
221,Gypi2:0(Gxpi2:0Gypi2:0)^32Gypi2:0Gypi2:0Gypi2:0@(0)  494  530,Gypi2:0,Gxpi2:0Gypi2:0,32,Gypi2:0Gypi2:0Gypi2:0,Gypi2:0,Gypi2:0Gypi2:0Gypi2:0,6,8,32,10,1,2,32,3,68,32705,8176,1,8211
222,Gxpi2:0Gxpi2:0Gxpi2:0(Gxpi2:0Gypi2:0)^32Gypi2:0@(0)  536  488,Gxpi2:0Gxpi2:0Gxpi2:0,Gxpi2:0Gypi2:0,32,Gypi2:0,Gxpi2:0Gxpi2:0Gxpi2:0,Gypi2:0,9,8,32,6,3,2,32,1,68,32705,8176,1,8211
223,Gxpi2:0Gxpi2:0Gxpi2:0(Gxpi2:0Gypi2:0)^32Gxpi2:0Gxpi2:0@(0)  851  173,Gxpi2:0Gxpi2:0Gxpi2:0,Gxpi2:0Gypi2:0,32,Gxpi2:0Gxpi2:0,Gxpi2:0Gxpi2:0Gxpi2:0,Gxpi2:0Gxpi2:0,9,8,32,7,3,2,32,2,69,32704,8176,0,8210
224,(Gxpi2:0Gxpi2:0Gypi2:0)^21@(0)  525  499,,Gxpi2:0Gxpi2:0Gypi2:0,21,,,,-1,11,21,-1,0,3,21,0,63,32710,8177,2,8200
225,Gxpi2:0(Gxpi2:0Gxpi2:0Gypi2:0)^21Gxpi2:0Gxpi2:0Gxpi2:0@(0)  229  795,Gxpi2:0,Gxpi2:0Gxpi2:0Gypi2:0,21,Gxpi2:0Gxpi2:0Gxpi2:0,Gxpi2:0,Gxpi2:0Gxpi2:0Gxpi2:0,5,11,21,9,1,3,21,3,67,32706,8176,2,8201
226,Gypi2:0(Gxpi2:0Gxpi2:0Gypi2:0)^21Gxpi2:0Gxpi2:0@(0)  820  204,Gypi2:0,Gxpi2:0Gxpi2:0Gypi2:0,21,Gxpi2:0Gxpi2:0,Gypi2:0,Gxpi2:0Gxpi2:0,6,11,21,7,1,3,21,2,66,32707,8176,3,8202
227,Gxpi2:0Gxpi2:0Gxpi2:0(Gxpi2:0Gxpi2:0Gypi2:0)^21Gypi2:0@(0)  548  476,Gxpi2:0Gxpi2:0Gxpi2:0,Gxpi2:0Gxpi2:0Gypi2:0,21,Gypi2:0,Gxpi2:0Gxpi2:0Gxpi2:0,Gypi2:0,9,11,21,6,3,3,21,1,67,32706,8176,2,8201
228,Gypi2:0Gypi2:0Gypi2:0(Gxpi2:0Gxpi2:0Gypi2:0)^21Gxpi2:0Gxpi2:0Gxpi2:0@(0)  504  520,Gypi2:0Gypi2:0Gypi2:0,Gxpi2:0Gxpi2:0Gypi2:0,21,Gxpi2:0Gxpi2:0Gxpi2:0,Gypi2:0Gypi2:0Gypi2:0,Gxpi2:0Gxpi2:0Gxpi2:0,10,11,21,9,3,3,21,3,69,32704,8176,0,8199
229,([])^128Gxpi2:0@(0)  817  207,,[],128,Gxpi2:0,,Gxpi2:0,-1,4,128,5,0,4,128,1,513,32260,8065,0,8194
230,([])^128Gypi2:0@(0)  554  470,,[],128,Gypi2:0,,Gypi2:0,-1,4,128,6,0,4,128,1,513,32260,8065,0,8194
231,([])^128Gxpi2:0Gxpi2:0@(0)  581  443,,[],128,Gxpi2:0Gxpi2:0,,Gxpi2:0Gxpi2:0,-1,4,128,7,0,4,128,2,514,32259,8064,3,8196
232,Gypi2:0([])^128Gypi2:0@(0)  257  767,Gypi2:0,[],128,Gypi2:0,Gypi2:0,Gypi2:0,6,4,128,6,1,4,128,1,514,32259,8064,3,8197
233,Gxpi2:0Gxpi2:0Gxpi2:0([])^128@(0)  297  727,Gxpi2:0Gxpi2:0Gxpi2:0,[],128,,Gxpi2:0Gxpi2:0Gxpi2:0,,9,4,128,-1,3,4,128,0,515,32258,8064,2,8195
234,Gxpi2:0Gxpi2:0Gxpi2:0([])^128Gxpi2:0@(0)  486  538,Gxpi2:0Gxpi2:0Gxpi2:0,[],128,Gxpi2:0,Gxpi2:0Gxpi2:0Gxpi2:0,Gxpi2:0,9,4,128,5,3,4,128,1,516,32257,8064,1,8195
235,Gxpi2:0Gxpi2:0Gxpi2:0([])^128Gypi2:0@(0)  594  430,Gxpi2:0Gxpi2:0Gxpi2:0,[],128,Gypi2:0,Gxpi2:0Gxpi2:0Gxpi2:0,Gypi2:0,9,4,128,6,3,4,128,1,516,32257,8064,1,8195
236,Gypi2:0Gypi2:0Gypi2:0([])^128Gxpi2:0@(0)  545  479,Gypi2:0Gypi2:0Gypi2:0,[],128,Gxpi2:0,Gypi2:0Gypi2:0Gypi2:0,Gxpi2:0,10,4,128,5,3,4,128,1,516,32257,8064,1,8195
237,Gypi2:0Gypi2:0Gypi2:0([])^128Gxpi2:0Gxpi2:0@(0)  554  470,Gypi2:0Gypi2:0Gypi2:0,[],128,Gxpi2:0Gxpi2:0,Gypi2:0Gypi2:0Gypi2:0,Gxpi2:0Gxpi2:0,10,4,128,7,3,4,128,2,517,32256,8064,0,8194
238,(Gxpi2:0)^128Gxpi2:0Gxpi2:0Gxpi2:0@(0)  417  607,,Gxpi2:0,128,Gxpi2:0Gxpi2:0Gxpi2:0,,Gxpi2:0Gxpi2:0Gxpi2:0,-1,5,128,9,0,1,128,3,131,32642,8160,2,8291
239,Gxpi2:0(Gxpi2:0)^128Gxpi2:0Gxpi2:0Gxpi2:0@(0)  786  238,Gxpi2:0,Gxpi2:0,128,Gxpi2:0Gxpi2:0Gxpi2:0,Gxpi2:0,Gxpi2:0Gxpi2:0Gxpi2:0,5,5,128,9,1,1,128,3,132,32641,8160,1,8291
240,Gypi2:0Gypi2:0Gypi2:0(Gxpi2:0)^128Gypi2:0Gypi2:0Gypi2:0@(0)  248  776,Gypi2:0Gypi2:0Gypi2:0,Gxpi2:0,128,Gypi2:0Gypi2:0Gypi2:0,Gypi2:0Gypi2:0Gypi2:0,Gypi2:0Gypi2:0Gypi2:0,10,5,128,10,3,1,128,3,134,32639,8159,3,8292
241,Gxpi2:0(Gypi2:0)^128Gxpi2:0Gxpi2:0Gxpi2:0@(0)  836  188,Gxpi2:0,Gypi2:0,128,Gxpi2:0Gxpi2:0Gxpi2:0,Gxpi2:0,Gxpi2:0Gxpi2:0Gxpi2:0,5,6,128,9,1,1,128,3,132,32641,8160,1,8291
242,Gypi2:0(Gypi2:0)^128Gxpi2:0Gxpi2:0@(0)  476  548,Gypi2:0,Gypi2:0,128,Gxpi2:0Gxpi2:0,Gypi2:0,Gxpi2:0Gxpi2:0,6,6,128,7,1,1,128,2,131,32642,8160,2,8292
243,Gypi2:0Gypi2:0Gypi2:0(Gypi2:0)^128Gypi2:0@(0)  811  213,Gypi2:0Gypi2:0Gypi2:0,Gypi2:0,128,Gypi2:0,Gypi2:0Gypi2:0Gypi2:0,Gypi2:0,10,6,128,6,3,1,128,1,132,32641,8160,1,8291
244,Gxpi2:0(Gxpi2:0Gypi2:0)^64Gxpi2:0@(0)  553  471,Gxpi2:0,Gxpi2:0Gypi2:0,64,Gxpi2:0,Gxpi2:0,Gxpi2:0,5,8,64,5,1,2,64,1,130,32643,8160,3,8229
245,Gxpi2:0(Gxpi2:0Gypi2:0)^64Gypi2:0Gypi2:0Gypi2:0@(0)  247  777,Gxpi2:0,Gxpi2:0Gypi2:0,64,Gypi2:0Gypi2:0Gypi2:0,Gxpi2:0,Gypi2:0Gypi2:0Gypi2:0,5,8,64,10,1,2,64,3,132,32641,8160,1,8227
246,Gypi2:0(Gxpi2:0Gypi2:0)^64Gypi2:0Gypi2:0Gypi2:0@(0)  543  481,Gypi2:0,Gxpi2:0Gypi2:0,64,Gypi2:0Gypi2:0Gypi2:0,Gypi2:0,Gypi2:0Gypi2:0Gypi2:0,6,8,64,10,1,2,64,3,132,32641,8160,1,8227
247,Gxpi2:0Gxpi2:0Gxpi2:0(Gxpi2:0Gypi2:0)^64Gypi2:0@(0)  254  770,Gxpi2:0Gxpi2:0Gxpi2:0,Gxpi2:0Gypi2:0,64,Gypi2:0,Gxpi2:0Gxpi2:0Gxpi2:0,Gypi2:0,9,8,64,6,3,2,64,1,132,32641,8160,1,8227
248,Gxpi2:0Gxpi2:0Gxpi2:0(Gxpi2:0Gypi2:0)^64Gxpi2:0Gxpi2:0@(0)  530  494,Gxpi2:0Gxpi2:0Gxpi2:0,Gxpi2:0Gypi2:0,64,Gxpi2:0Gxpi2:0,Gxpi2:0Gxpi2:0Gxpi2:0,Gxpi2:0Gxpi2:0,9,8,64,7,3,2,64,2,133,32640,8160,0,8226
249,(Gxpi2:0Gxpi2:0Gypi2:0)^42@(0)  859  165,,Gxpi2:0Gxpi2:0Gypi2:0,42,,,,-1,11,42,-1,0,3,42,0,126,32647,8161,3,8206
250,Gxpi2:0(Gxpi2:0Gxpi2:0Gypi2:0)^42Gxpi2:0Gxpi2:0Gxpi2:0@(0)  864  160,Gxpi2:0,Gxpi2:0Gxpi2:0Gypi2:0,42,Gxpi2:0Gxpi2:0Gxpi2:0,Gxpi2:0,Gxpi2:0Gxpi2:0Gxpi2:0,5,11,42,9,1,3,42,3,130,32643,8160,3,8207
251,Gypi2:0(Gxpi2:0Gxpi2:0Gypi2:0)^42Gxpi2:0Gxpi2:0@(0)  545  479,Gypi2:0,Gxpi2:0Gxpi2:0Gypi2:0,42,Gxpi2:0Gxpi2:0,Gypi2:0,Gxpi2:0Gxpi2:0,6,11,42,7,1,3,42,2,129,32644,8161,0,8205
252,Gxpi2:0Gxpi2:0Gxpi2:0(Gxpi2:0Gxpi2:0Gypi2:0)^42Gypi2:0@(0)  581  443,Gxpi2:0Gxpi2:0Gxpi2:0,Gxpi2:0Gxpi2:0Gypi2:0,42,Gypi2:0,Gxpi2:0Gxpi2:0Gxpi2:0,Gypi2:0,9,11,42,6,3,3,42,1,130,32643,8160,3,8207
253,Gypi2:0Gypi2:0Gypi2:0(Gxpi2:0Gxpi2:0Gypi2:0)^42Gxpi2:0Gxpi2:0Gxpi2:0@(0)  564  460,Gypi2:0Gypi2:0Gypi2:0,Gxpi2:0Gxpi2:0Gypi2:0,42,Gxpi2:0Gxpi2:0Gxpi2:0,Gypi2:0Gypi2:0Gypi2:0,Gxpi2:0Gxpi2:0Gxpi2:0,10,11,42,9,3,3,42,3,132,32641,8160,1,8205
254,([])^256Gxpi2:0@(0)  588  436,,[],256,Gxpi2:0,,Gxpi2:0,-1,4,256,5,0,4,256,1,1025,31748,7937,0,8194
255,([])^256Gypi2:0@(0)  553  471,,[],256,Gypi2:0,,Gypi2:0,-1,4,256,6,0,4,256,1,1025,31748,7937,0,8194
256,([])^256Gxpi2:0Gxpi2:0@(0)  798  226,,[],256,Gxpi2:0Gxpi2:0,,Gxpi2:0Gxpi2:0,-1,4,256,7,0,4,256,2,1026,31747,7936,3,8196
257,Gypi2:0([])^256Gypi2:0@(0)  253  771,Gypi2:0,[],256,Gypi2:0,Gypi2:0,Gypi2:0,6,4,256,6,1,4,256,1,1026,31747,7936,3,8197
258,Gxpi2:0Gxpi2:0Gxpi2:0([])^256@(0)  500  524,Gxpi2:0Gxpi2:0Gxpi2:0,[],256,,Gxpi2:0Gxpi2:0Gxpi2:0,,9,4,256,-1,3,4,256,0,1027,31746,7936,2,8195
259,Gxpi2:0Gxpi2:0Gxpi2:0([])^256Gxpi2:0@(0)  325  699,Gxpi2:0Gxpi2:0Gxpi2:0,[],256,Gxpi2:0,Gxpi2:0Gxpi2:0Gxpi2:0,Gxpi2:0,9,4,256,5,3,4,256,1,1028,31745,7936,1,8195
260,Gxpi2:0Gxpi2:0Gxpi2:0([])^256Gypi2:0@(0)  566  458,Gxpi2:0Gxpi2:0Gxpi2:0,[],256,Gypi2:0,Gxpi2:0Gxpi2:0Gxpi2:0,Gypi2:0,9,4,256,6,3,4,256,1,1028,31745,7936,1,8195
261,Gypi2:0Gypi2:0Gypi2:0([])^256Gxpi2:0@(0)  559  465,Gypi2:0Gypi2:0Gypi2:0,[],256,Gxpi2:0,Gypi2:0Gypi2:0Gypi2:0,Gxpi2:0,10,4,256,5,3,4,256,1,1028,31745,7936,1,8195
262,Gypi2:0Gypi2:0Gypi2:0([])^256Gxpi2:0Gxpi2:0@(0)  566  458,Gypi2:0Gypi2:0Gypi2:0,[],256,Gxpi2:0Gxpi2:0,Gypi2:0Gypi2:0Gypi2:0,Gxpi2:0Gxpi2:0,10,4,256,7,3,4,256,2,1029,31744,7936,0,8194
263,(Gxpi2:0)^256Gxpi2:0Gxpi2:0Gxpi2:0@(0)  378  646,,Gxpi2:0,256,Gxpi2:0Gxpi2:0Gxpi2:0,,Gxpi2:0Gxpi2:0Gxpi2:0,-1,5,256,9,0,1,256,3,259,32514,8128,2,8387
264,Gxpi2:0(Gxpi2:0)^256Gxpi2:0Gxpi2:0Gxpi2:0@(0)  781  243,Gxpi2:0,Gxpi2:0,256,Gxpi2:0Gxpi2:0Gxpi2:0,Gxpi2:0,Gxpi2:0Gxpi2:0Gxpi2:0,5,5,256,9,1,1,256,3,260,32513,8128,1,8387
265,Gypi2:0Gypi2:0Gypi2:0(Gxpi2:0)^256Gypi2:0Gypi2:0Gypi2:0@(0)  232  792,Gypi2:0Gypi2:0Gypi2:0,Gxpi2:0,256,Gypi2:0Gypi2:0Gypi2:0,Gypi2:0Gypi2:0Gypi2:0,Gypi2:0Gypi2:0Gypi2:0,10,5,256,10,3,1,256,3,262,32511,8127,3,8388
266,Gxpi2:0(Gypi2:0)^256Gxpi2:0Gxpi2:0Gxpi2:0@(0)  820  204,Gxpi2:0,Gypi2:0,256,Gxpi2:0Gxpi2:0Gxpi2:0,Gxpi2:0,Gxpi2:0Gxpi2:0Gxpi2:0,5,6,256,9,1,1,256,3,260,32513,8128,1,8387
267,Gypi2:0(Gypi2:0)^256Gxpi2:0Gxpi2:0@(0)  364  660,Gypi2:0,Gypi2:0,256,Gxpi2:0Gxpi2:0,Gypi2:0,Gxpi2:0Gxpi2:0,6,6,256,7,1,1,256,2,259,32514,8128,2,8388
268,Gypi2:0Gypi2:0Gypi2:0(Gypi2:0)^256Gypi2:0@(0)  787  237,Gypi2:0Gypi2:0Gypi2:0,Gypi2:0,256,Gypi2:0,Gypi2:0Gypi2:0Gypi2:0,Gypi2:0,10,6,256,6,3,1,256,1,260,32513,8128,1,8387
269,Gxpi2:0(Gxpi2:0Gypi2:0)^128Gxpi2:0@(0)  581  443,Gxpi2:0,Gxpi2:0Gypi2:0,128,Gxpi2:0,Gxpi2:0,Gxpi2:0,5,8,128,5,1,2,128,1,258,32515,8128,3,8261
270,Gxpi2:0(Gxpi2:0Gypi2:0)^128Gypi2:0Gypi2:0Gypi2:0@(0)  486  538,Gxpi2:0,Gxpi2:0Gypi2:0,128,Gypi2:0Gypi2:0Gypi2:0,Gxpi2:0,Gypi2:0Gypi2:0Gypi2:0,5,8,128,10,1,2,128,3,260,32513,8128,1,8259
271,Gypi2:0(Gxpi2:0Gypi2:0)^128Gypi2:0Gypi2:0Gypi2:0@(0)  503  521,Gypi2:0,Gxpi2:0Gypi2:0,128,Gypi2:0Gypi2:0Gypi2:0,Gypi2:0,Gypi2:0Gypi2:0Gypi2:0,6,8,128,10,1,2,128,3,260,32513,8128,1,8259
272,Gxpi2:0Gxpi2:0Gxpi2:0(Gxpi2:0Gypi2:0)^128Gypi2:0@(0)  494  530,Gxpi2:0Gxpi2:0Gxpi2:0,Gxpi2:0Gypi2:0,128,Gypi2:0,Gxpi2:0Gxpi2:0Gxpi2:0,Gypi2:0,9,8,128,6,3,2,128,1,260,32513,8128,1,8259
273,Gxpi2:0Gxpi2:0Gxpi2:0(Gxpi2:0Gypi2:0)^128Gxpi2:0Gxpi2:0@(0)  838  186,Gxpi2:0Gxpi2:0Gxpi2:0,Gxpi2:0Gypi2:0,128,Gxpi2:0Gxpi2:0,Gxpi2:0Gxpi2:0Gxpi2:0,Gxpi2:0Gxpi2:0,9,8,128,7,3,2,128,2,261,32512,8128,0,8258
274,(Gxpi2:0Gxpi2:0Gypi2:0)^85@(0)  556  468,,Gxpi2:0Gxpi2:0Gypi2:0,85,,,,-1,11,85,-1,0,3,85,0,255,32518,8129,2,8216
275,Gxpi2:0(Gxpi2:0Gxpi2:0Gypi2:0)^85Gxpi2:0Gxpi2:0Gxpi2:0@(0)  266  758,Gxpi2:0,Gxpi2:0Gxpi2:0Gypi2:0,85,Gxpi2:0Gxpi2:0Gxpi2:0,Gxpi2:0,Gxpi2:0Gxpi2:0Gxpi2:0,5,11,85,9,1,3,85,3,259,32514,8128,2,8217
276,Gypi2:0(Gxpi2:0Gxpi2:0Gypi2:0)^85Gxpi2:0Gxpi2:0@(0)  809  215,Gypi2:0,Gxpi2:0Gxpi2:0Gypi2:0,85,Gxpi2:0Gxpi2:0,Gypi2:0,Gxpi2:0Gxpi2:0,6,11,85,7,1,3,85,2,258,32515,8128,3,8218
277,Gxpi2:0Gxpi2:0Gxpi2:0(Gxpi2:0Gxpi2:0Gypi2:0)^85Gypi2:0@(0)  494  530,Gxpi2:0Gxpi2:0Gxpi2:0,Gxpi2:0Gxpi2:0Gypi2:0,85,Gypi2:0,Gxpi2:0Gxpi2:0Gxpi2:0,Gypi2:0,9,11,85,6,3,3,85,1,259,32514,8128,2,8217
278,Gypi2:0Gypi2:0Gypi2:0(Gxpi2:0Gxpi2:0Gypi2:0)^85Gxpi2:0Gxpi2:0Gxpi2:0@(0)  517  507,Gypi2:0Gypi2:0Gypi2:0,Gxpi2:0Gxpi2:0Gypi2:0,85,Gxpi2:0Gxpi2:0Gxpi2:0,Gypi2:0Gypi2:0Gypi2:0,Gxpi2:0Gxpi2:0Gxpi2:0,10,11,85,9,3,3,85,3,261,32512,8128,0,8215
279,([])^512Gxpi2:0@(0)  452  572,,[],512,Gxpi2:0,,Gxpi2:0,-1,4,512,5,0,4,512,1,2049,30724,7681,0,8194
280,([])^512Gypi2:0@(0)  533  491,,[],512,Gypi2:0,,Gypi2:0,-1,4,512,6,0,4,512,1,2049,30724,7681,0,8194
281,([])^512Gxpi2:0Gxpi2:0@(0)  440  584,,[],512,Gxpi2:0Gxpi2:0,,Gxpi2:0Gxpi2:0,-1,4,512,7,0,4,512,2,2050,30723,7680,3,8196
282,Gypi2:0([])^512Gypi2:0@(0)  312  712,Gypi2:0,[],512,Gypi2:0,Gypi2:0,Gypi2:0,6,4,512,6,1,4,512,1,2050,30723,7680,3,8197
283,Gxpi2:0Gxpi2:0Gxpi2:0([])^512@(0)  640  384,Gxpi2:0Gxpi2:0Gxpi2:0,[],512,,Gxpi2:0Gxpi2:0Gxpi2:0,,9,4,512,-1,3,4,512,0,2051,30722,7680,2,8195
284,Gxpi2:0Gxpi2:0Gxpi2:0([])^512Gxpi2:0@(0)  672  352,Gxpi2:0Gxpi2:0Gxpi2:0,[],512,Gxpi2:0,Gxpi2:0Gxpi2:0Gxpi2:0,Gxpi2:0,9,4,512,5,3,4,512,1,2052,30721,7680,1,8195
285,Gxpi2:0Gxpi2:0Gxpi2:0([])^512Gypi2:0@(0)  551  473,Gxpi2:0Gxpi2:0Gxpi2:0,[],512,Gypi2:0,Gxpi2:0Gxpi2:0Gxpi2:0,Gypi2:0,9,4,512,6,3,4,512,1,2052,30721,7680,1,8195
286,Gypi2:0Gypi2:0Gypi2:0([])^512Gxpi2:0@(0)  557  467,Gypi2:0Gypi2:0Gypi2:0,[],512,Gxpi2:0,Gypi2:0Gypi2:0Gypi2:0,Gxpi2:0,10,4,512,5,3,4,512,1,2052,30721,7680,1,8195
287,Gypi2:0Gypi2:0Gypi2:0([])^512Gxpi2:0Gxpi2:0@(0)  565  459,Gypi2:0Gypi2:0Gypi2:0,[],512,Gxpi2:0Gxpi2:0,Gypi2:0Gypi2:0Gypi2:0,Gxpi2:0Gxpi2:0,10,4,512,7,3,4,512,2,2053,30720,7680,0,8194
288,(Gxpi2:0)^512Gxpi2:0Gxpi2:0Gxpi2:0@(0)  306  718,,Gxpi2:0,512,Gxpi2:0Gxpi2:0Gxpi2:0,,Gxpi2:0Gxpi2:0Gxpi2:0,-1,5,512,9,0,1,512,3,515,32258,8064,2,8579
289,Gxpi2:0(Gxpi2:0)^512Gxpi2:0Gxpi2:0Gxpi2:0@(0)  637  387,Gxpi2:0,Gxpi2:0,512,Gxpi2:0Gxpi2:0Gxpi2:0,Gxpi2:0,Gxpi2:0Gxpi2:0Gxpi2:0,5,5,512,9,1,1,512,3,516,32257,8064,1,8579
290,Gypi2:0Gypi2:0Gypi2:0(Gxpi2:0)^512Gypi2:0Gypi2:0Gypi2:0@(0)  284  740,Gypi2:0Gypi2:0Gypi2:0,Gxpi2:0,512,Gypi2:0Gypi2:0Gypi2:0,Gypi2:0Gypi2:0Gypi2:0,Gypi2:0Gypi2:0Gypi2:0,10,5,512,10,3,1,512,3,518,32255,8063,3,8580
291,Gxpi2:0(Gypi2:0)^512Gxpi2:0Gxpi2:0Gxpi2:0@(0)  821  203,Gxpi2:0,Gypi2:0,512,Gxpi2:0Gxpi2:0Gxpi2:0,Gxpi2:0,Gxpi2:0Gxpi2:0Gxpi2:0,5,6,512,9,1,1,512,3,516,32257,8064,1,8579
292,Gypi2:0(Gypi2:0)^512Gxpi2:0Gxpi2:0@(0)  293  731,Gypi2:0,Gypi2:0,512,Gxpi2:0Gxpi2:0,Gypi2:0,Gxpi2:0Gxpi2:0,6,6,512,7,1,1,512,2,515,32258,8064,2,8580
293,Gypi2:0Gypi2:0Gypi2:0(Gypi2:0)^512Gypi2:0@(0)  604  420,Gypi2:0Gypi2:0Gypi2:0,Gypi2:0,512,Gypi2:0,Gypi2:0Gypi2:0Gypi2:0,Gypi2:0,10,6,512,6,3,1,512,1,516,32257,8064,1,8579
294,Gxpi2:0(Gxpi2:0Gypi2:0)^256Gxpi2:0@(0)  441  583,Gxpi2:0,Gxpi2:0Gypi2:0,256,Gxpi2:0,Gxpi2:0,Gxpi2:0,5,8,256,5,1,2,256,1,514,32259,8064,3,8325
295,Gxpi2:0(Gxpi2:0Gypi2:0)^256Gypi2:0Gypi2:0Gypi2:0@(0)  323  701,Gxpi2:0,Gxpi2:0Gypi2:0,256,Gypi2:0Gypi2:0Gypi2:0,Gxpi2:0,Gypi2:0Gypi2:0Gypi2:0,5,8,256,10,1,2,256,3,516,32257,8064,1,8323
296,Gypi2:0(Gxpi2:0Gypi2:0)^256Gypi2:0Gypi2:0Gypi2:0@(0)  659  365,Gypi2:0,Gxpi2:0Gypi2:0,256,Gypi2:0Gypi2:0Gypi2:0,Gypi2:0,Gypi2:0Gypi2:0Gypi2:0,6,8,256,10,1,2,256,3,516,32257,8064,1,8323
297,Gxpi2:0Gxpi2:0Gxpi2:0(Gxpi2:0Gypi2:0)^256Gypi2:0@(0)  294  730,Gxpi2:0Gxpi2:0Gxpi2:0,Gxpi2:0Gypi2:0,256,Gypi2:0,Gxpi2:0Gxpi2:0Gxpi2:0,Gypi2:0,9,8,256,6,3,2,256,1,516,32257,8064,1,8323
298,Gxpi2:0Gxpi2:0Gxpi2:0(Gxpi2:0Gypi2:0)^256Gxpi2:0Gxpi2:0@(0)  487  537,Gxpi2:0Gxpi2:0Gxpi2:0,Gxpi2:0Gypi2:0,256,Gxpi2:0Gxpi2:0,Gxpi2:0Gxpi2:0Gxpi2:0,Gxpi2:0Gxpi2:0,9,8,256,7,3,2,256,2,517,32256,8064,0,8322
299,(Gxpi2:0Gxpi2:0Gypi2:0)^170@(0)  817  207,,Gxpi2:0Gxpi2:0Gypi2:0,170,,,,-1,11,170,-1,0,3,170,0,510,32263,8065,3,8238
300,Gxpi2:0(Gxpi2:0Gxpi2:0Gypi2:0)^170Gxpi2:0Gxpi2:0Gxpi2:0@(0)  812  212,Gxpi2:0,Gxpi2:0Gxpi2:0Gypi2:0,170,Gxpi2:0Gxpi2:0Gxpi2:0,Gxpi2:0,Gxpi2:0Gxpi2:0Gxpi2:0,5,11,170,9,1,3,170,3,514,32259,8064,3,8239
301,Gypi2:0(Gxpi2:0Gxpi2:0Gypi2:0)^170Gxpi2:0Gxpi2:0@(0)  557  467,Gypi2:0,Gxpi2:0Gxpi2:0Gypi2:0,170,Gxpi2:0Gxpi2:0,Gypi2:0,Gxpi2:0Gxpi2:0,6,11,170,7,1,3,170,2,513,32260,8065,0,8237
302,Gxpi2:0Gxpi2:0Gxpi2:0(Gxpi2:0Gxpi2:0Gypi2:0)^170Gypi2:0@(0)  653  371,Gxpi2:0Gxpi2:0Gxpi2:0,Gxpi2:0Gxpi2:0Gypi2:0,170,Gypi2:0,Gxpi2:0Gxpi2:0Gxpi2:0,Gypi2:0,9,11,170,6,3,3,170,1,514,32259,8064,3,8239
303,Gypi2:0Gypi2:0Gypi2:0(Gxpi2:0Gxpi2:0Gypi2:0)^170Gxpi2:0Gxpi2:0Gxpi2:0@(0)  671  353,Gypi2:0Gypi2:0Gypi2:0,Gxpi2:0Gxpi2:0Gypi2:0,170,Gxpi2:0Gxpi2:0Gxpi2:0,Gypi2:0Gypi2:0Gypi2:0,Gxpi2:0Gxpi2:0Gxpi2:0,10,11,170,9,3,3,170,3,516,32257,8064,1,8237
304,([])^1024Gxpi2:0@(0)  529  495,,[],1024,Gxpi2:0,,Gxpi2:0,-1,4,1024,5,0,4,1024,1,4097,28676,7169,0,8194
305,([])^1024Gypi2:0@(0)  580  444,,[],1024,Gypi2:0,,Gypi2:0,-1,4,1024,6,0,4,1024,1,4097,28676,7169,0,8194
306,([])^1024Gxpi2:0Gxpi2:0@(0)  565  459,,[],1024,Gxpi2:0Gxpi2:0,,Gxpi2:0Gxpi2:0,-1,4,1024,7,0,4,1024,2,4098,28675,7168,3,8196
307,Gypi2:0([])^1024Gypi2:0@(0)  346  678,Gypi2:0,[],1024,Gypi2:0,Gypi2:0,Gypi2:0,6,4,1024,6,1,4,1024,1,4098,28675,7168,3,8197
308,Gxpi2:0Gxpi2:0Gxpi2:0([])^1024@(0)  591  433,Gxpi2:0Gxpi2:0Gxpi2:0,[],1024,,Gxpi2:0Gxpi2:0Gxpi2:0,,9,4,1024,-1,3,4,1024,0,4099,28674,7168,2,8195
309,Gxpi2:0Gxpi2:0Gxpi2:0([])^1024Gxpi2:0@(0)  556  468,Gxpi2:0Gxpi2:0Gxpi2:0,[],1024,Gxpi2:0,Gxpi2:0Gxpi2:0Gxpi2:0,Gxpi2:0,9,4,1024,5,3,4,1024,1,4100,28673,7168,1,8195
310,Gxpi2:0Gxpi2:0Gxpi2:0([])^1024Gypi2:0@(0)  554  470,Gxpi2:0Gxpi2:0Gxpi2:0,[],1024,Gypi2:0,Gxpi2:0Gxpi2:0Gxpi2:0,Gypi2:0,9,4,1024,6,3,4,1024,1,4100,28673,7168,1,8195
311,Gypi2:0Gypi2:0Gypi2:0([])^1024Gxpi2:0@(0)  564  460,Gypi2:0Gypi2:0Gypi2:0,[],1024,Gxpi2:0,Gypi2:0Gypi2:0Gypi2:0,Gxpi2:0,10,4,1024,5,3,4,1024,1,4100,28673,7168,1,8195
312,Gypi2:0Gypi2:0Gypi2:0([])^1024Gxpi2:0Gxpi2:0@(0)  567  457,Gypi2:0Gypi2:0Gypi2:0,[],1024,Gxpi2:0Gxpi2:0,Gypi2:0Gypi2:0Gypi2:0,Gxpi2:0Gxpi2:0,10,4,1024,7,3,4,1024,2,4101,28672,7168,0,8194
313,(Gxpi2:0)^1024Gxpi2:0Gxpi2:0Gxpi2:0@(0)  400  624,,Gxpi2:0,1024,Gxpi2:0Gxpi2:0Gxpi2:0,,Gxpi2:0Gxpi2:0Gxpi2:0,-1,5,1024,9,0,1,1024,3,1027,31746,7936,2,8963
314,Gxpi2:0(Gxpi2:0)^1024Gxpi2:0Gxpi2:0Gxpi2:0@(0)  437  587,Gxpi2:0,Gxpi2:0,1024,Gxpi2:0Gxpi2:0Gxpi2:0,Gxpi2:0,Gxpi2:0Gxpi2:0Gxpi2:0,5,5,1024,9,1,1,1024,3,1028,31745,7936,1,8963
315,Gypi2:0Gypi2:0Gypi2:0(Gxpi2:0)^1024Gypi2:0Gypi2:0Gypi2:0@(0)  301  723,Gypi2:0Gypi2:0Gypi2:0,Gxpi2:0,1024,Gypi2:0Gypi2:0Gypi2:0,Gypi2:0Gypi2:0Gypi2:0,Gypi2:0Gypi2:0Gypi2:0,10,5,1024,10,3,1,1024,3,1030,31743,7935,3,8964
316,Gxpi2:0(Gypi2:0)^1024Gxpi2:0Gxpi2:0Gxpi2:0@(0)  807  217,Gxpi2:0,Gypi2:0,1024,Gxpi2:0Gxpi2:0Gxpi2:0,Gxpi2:0,Gxpi2:0Gxpi2:0Gxpi2:0,5,6,1024,9,1,1,1024,3,1028,31745,7936,1,8963
317,Gypi2:0(Gypi2:0)^1024Gxpi2:0Gxpi2:0@(0)  364  660,Gypi2:0,Gypi2:0,1024,Gxpi2:0Gxpi2:0,Gypi2:0,Gxpi2:0Gxpi2:0,6,6,1024,7,1,1,1024,2,1027,31746,7936,2,8964
318,Gypi2:0Gypi2:0Gypi2:0(Gypi2:0)^1024Gypi2:0@(0)  428  596,Gypi2:0Gypi2:0Gypi2:0,Gypi2:0,1024,Gypi2:0,Gypi2:0Gypi2:0Gypi2:0,Gypi2:0,10,6,1024,6,3,1,1024,1,1028,31745,7936,1,8963
319,Gxpi2:0(Gxpi2:0Gypi2:0)^512Gxpi2:0@(0)  637  387,Gxpi2:0,Gxpi2:0Gypi2:0,512,Gxpi2:0,Gxpi2:0,Gxpi2:0,5,8,512,5,1,2,512,1,1026,31747,7936,3,8453
320,Gxpi2:0(Gxpi2:0Gypi2:0)^512Gypi2:0Gypi2:0Gypi2:0@(0)  357  667,Gxpi2:0,Gxpi2:0Gypi2:0,512,Gypi2:0Gypi2:0Gypi2:0,Gxpi2:0,Gypi2:0Gypi2:0Gypi2:0,5,8,512,10,1,2,512,3,1028,31745,7936,1,8451
321,Gypi2:0(Gxpi2:0Gypi2:0)^512Gypi2:0Gypi2:0Gypi2:0@(0)  510  514,Gypi2:0,Gxpi2:0Gypi2:0,512,Gypi2:0Gypi2:0Gypi2:0,Gypi2:0,Gypi2:0Gypi2:0Gypi2:0,6,8,512,10,1,2,512,3,1028,31745,7936,1,8451
322,Gxpi2:0Gxpi2:0Gxpi2:0(Gxpi2:0Gypi2:0)^512Gypi2:0@(0)  351  673,Gxpi2:0Gxpi2:0Gxpi2:0,Gxpi2:0Gypi2:0,512,Gypi2:0,Gxpi2:0Gxpi2:0Gxpi2:0,Gypi2:0,9,8,512,6,3,2,512,1,1028,31745,7936,1,8451
323,Gxpi2:0Gxpi2:0Gxpi2:0(Gxpi2:0Gypi2:0)^512Gxpi2:0Gxpi2:0@(0)  687  337,Gxpi2:0Gxpi2:0Gxpi2:0,Gxpi2:0Gypi2:0,512,Gxpi2:0Gxpi2:0,Gxpi2:0Gxpi2:0Gxpi2:0,Gxpi2:0Gxpi2:0,9,8,512,7,3,2,512,2,1029,31744,7936,0,8450
324,(Gxpi2:0Gxpi2:0Gypi2:0)^341@(0)  572  452,,Gxpi2:0Gxpi2:0Gypi2:0,341,,,,-1,11,341,-1,0,3,341,0,1023,31750,7937,2,8280
325,Gxpi2:0(Gxpi2:0Gxpi2:0Gypi2:0)^341Gxpi2:0Gxpi2:0Gxpi2:0@(0)  384  640,Gxpi2:0,Gxpi2:0Gxpi2:0Gypi2:0,341,Gxpi2:0Gxpi2:0Gxpi2:0,Gxpi2:0,Gxpi2:0Gxpi2:0Gxpi2:0,5,11,341,9,1,3,341,3,1027,31746,7936,2,8281
326,Gypi2:0(Gxpi2:0Gxpi2:0Gypi2:0)^341Gxpi2:0Gxpi2:0@(0)  780  244,Gypi2:0,Gxpi2:0Gxpi2:0Gypi2:0,341,Gxpi2:0Gxpi2:0,Gypi2:0,Gxpi2:0Gxpi2:0,6,11,341,7,1,3,341,2,1026,31747,7936,3,8282
327,Gxpi2:0Gxpi2:0Gxpi2:0(Gxpi2:0Gxpi2:0Gypi2:0)^341Gypi2:0@(0)  405  619,Gxpi2:0Gxpi2:0Gxpi2:0,Gxpi2:0Gxpi2:0Gypi2:0,341,Gypi2:0,Gxpi2:0Gxpi2:0Gxpi2:0,Gypi2:0,9,11,341,6,3,3,341,1,1027,31746,7936,2,8281
328,Gypi2:0Gypi2:0Gypi2:0(Gxpi2:0Gxpi2:0Gypi2:0)^341Gxpi2:0Gxpi2:0Gxpi2:0@(0)  423  601,Gypi2:0Gypi2:0Gypi2:0,Gxpi2:0Gxpi2:0Gypi2:0,341,Gxpi2:0Gxpi2:0Gxpi2:0,Gypi2:0Gypi2:0Gypi2:0,Gxpi2:0Gxpi2:0Gxpi2:0,10,11,341,9,3,3,341,3,1029,31744,7936,0,8279
329,([])^2048Gxpi2:0@(0)  536  488,,[],2048,Gxpi2:0,,Gxpi2:0,-1,4,2048,5,0,4,2048,1,8193,24580,6145,0,8194
330,([])^2048Gypi2:0@(0)  550  474,,[],2048,Gypi2:0,,Gypi2:0,-1,4,2048,6,0,4,2048,1,8193,24580,6145,0,8194
331,([])^2048Gxpi2:0Gxpi2:0@(0)  557  467,,[],2048,Gxpi2:0Gxpi2:0,,Gxpi2:0Gxpi2:0,-1,4,2048,7,0,4,2048,2,8194,24579,6144,3,8196
332,Gypi2:0([])^2048Gypi2:0@(0)  426  598,Gypi2:0,[],2048,Gypi2:0,Gypi2:0,Gypi2:0,6,4,2048,6,1,4,2048,1,8194,24579,6144,3,8197
333,Gxpi2:0Gxpi2:0Gxpi2:0([])^2048@(0)  596  428,Gxpi2:0Gxpi2:0Gxpi2:0,[],2048,,Gxpi2:0Gxpi2:0Gxpi2:0,,9,4,2048,-1,3,4,2048,0,8195,24578,6144,2,8195
334,Gxpi2:0Gxpi2:0Gxpi2:0([])^2048Gxpi2:0@(0)  588  436,Gxpi2:0Gxpi2:0Gxpi2:0,[],2048,Gxpi2:0,Gxpi2:0Gxpi2:0Gxpi2:0,Gxpi2:0,9,4,2048,5,3,4,2048,1,8196,24577,6144,1,8195
335,Gxpi2:0Gxpi2:0Gxpi2:0([])^2048Gypi2:0@(0)  578  446,Gxpi2:0Gxpi2:0Gxpi2:0,[],2048,Gypi2:0,Gxpi2:0Gxpi2:0Gxpi2:0,Gypi2:0,9,4,2048,6,3,4,2048,1,8196,24577,6144,1,8195
336,Gypi2:0Gypi2:0Gypi2:0([])^2048Gxpi2:0@(0)  587  437,Gypi2:0Gypi2:0Gypi2:0,[],2048,Gxpi2:0,Gypi2:0Gypi2:0Gypi2:0,Gxpi2:0,10,4,2048,5,3,4,2048,1,8196,24577,6144,1,8195
337,Gypi2:0Gypi2:0Gypi2:0([])^2048Gxpi2:0Gxpi2:0@(0)  596  428,Gypi2:0Gypi2:0Gypi2:0,[],2048,Gxpi2:0Gxpi2:0,Gypi2:0Gypi2:0Gypi2:0,Gxpi2:0Gxpi2:0,10,4,2048,7,3,4,2048,2,8197,24576,6144,0,8194
338,(Gxpi2:0)^2048Gxpi2:0Gxpi2:0Gxpi2:0@(0)  755  269,,Gxpi2:0,2048,Gxpi2:0Gxpi2:0Gxpi2:0,,Gxpi2:0Gxpi2:0Gxpi2:0,-1,5,2048,9,0,1,2048,3,2051,30722,7680,2,9731
339,Gxpi2:0(Gxpi2:0)^2048Gxpi2:0Gxpi2:0Gxpi2:0@(0)  554  470,Gxpi2:0,Gxpi2:0,2048,Gxpi2:0Gxpi2:0Gxpi2:0,Gxpi2:0,Gxpi2:0Gxpi2:0Gxpi2:0,5,5,2048,9,1,1,2048,3,2052,30721,7680,1,9731
340,Gypi2:0Gypi2:0Gypi2:0(Gxpi2:0)^2048Gypi2:0Gypi2:0Gypi2:0@(0)  345  679,Gypi2:0Gypi2:0Gypi2:0,Gxpi2:0,2048,Gypi2:0Gypi2:0Gypi2:0,Gypi2:0Gypi2:0Gypi2:0,Gypi2:0Gypi2:0Gypi2:0,10,5,2048,10,3,1,2048,3,2054,30719,7679,3,9732
341,Gxpi2:0(Gypi2:0)^2048Gxpi2:0Gxpi2:0Gxpi2:0@(0)  806  218,Gxpi2:0,Gypi2:0,2048,Gxpi2:0Gxpi2:0Gxpi2:0,Gxpi2:0,Gxpi2:0Gxpi2:0Gxpi2:0,5,6,2048,9,1,1,2048,3,2052,30721,7680,1,9731
342,Gypi2:0(Gypi2:0)^2048Gxpi2:0Gxpi2:0@(0)  777  247,Gypi2:0,Gypi2:0,2048,Gxpi2:0Gxpi2:0,Gypi2:0,Gxpi2:0Gxpi2:0,6,6,2048,7,1,1,2048,2,2051,30722,7680,2,9732
343,Gypi2:0Gypi2:0Gypi2:0(Gypi2:0)^2048Gypi2:0@(0)  570  454,Gypi2:0Gypi2:0Gypi2:0,Gypi2:0,2048,Gypi2:0,Gypi2:0Gypi2:0Gypi2:0,Gypi2:0,10,6,2048,6,3,1,2048,1,2052,30721,7680,1,9731
344,Gxpi2:0(Gxpi2:0Gypi2:0)^1024Gxpi2:0@(0)  390  634,Gxpi2:0,Gxpi2:0Gypi2:0,1024,Gxpi2:0,Gxpi2:0,Gxpi2:0,5,8,1024,5,1,2,1024,1,2050,30723,7680,3,8709
345,Gxpi2:0(Gxpi2:0Gypi2:0)^1024Gypi2:0Gypi2:0Gypi2:0@(0)  601  423,Gxpi2:0,Gxpi2:0Gypi2:0,1024,Gypi2:0Gypi2:0Gypi2:0,Gxpi2:0,Gypi2:0Gypi2:0Gypi2:0,5,8,1024,10,1,2,1024,3,2052,30721,7680,1,8707
346,Gypi2:0(Gxpi2:0Gypi2:0)^1024Gypi2:0Gypi2:0Gypi2:0@(0)  788  236,Gypi2:0,Gxpi2:0Gypi2:0,1024,Gypi2:0Gypi2:0Gypi2:0,Gypi2:0,Gypi2:0Gypi2:0Gypi2:0,6,8,1024,10,1,2,1024,3,2052,30721,7680,1,8707
347,Gxpi2:0Gxpi2:0Gxpi2:0(Gxpi2:0Gypi2:0)^1024Gypi2:0@(0)  596  428,Gxpi2:0Gxpi2:0Gxpi2:0,Gxpi2:0Gypi2:0,1024,Gypi2:0,Gxpi2:0Gxpi2:0Gxpi2:0,Gypi2:0,9,8,1024,6,3,2,1024,1,2052,30721,7680,1,8707
348,Gxpi2:0Gxpi2:0Gxpi2:0(Gxpi2:0Gypi2:0)^1024Gxpi2:0Gxpi2:0@(0)  644  380,Gxpi2:0Gxpi2:0Gxpi2:0,Gxpi2:0Gypi2:0,1024,Gxpi2:0Gxpi2:0,Gxpi2:0Gxpi2:0Gxpi2:0,Gxpi2:0Gxpi2:0,9,8,1024,7,3,2,1024,2,2053,30720,7680,0,8706
349,(Gxpi2:0Gxpi2:0Gypi2:0)^682@(0)  697  327,,Gxpi2:0Gxpi2:0Gypi2:0,682,,,,-1,11,682,-1,0,3,682,0,2046,30727,7681,3,8366
350,Gxpi2:0(Gxpi2:0Gxpi2:0Gypi2:0)^682Gxpi2:0Gxpi2:0Gxpi2:0@(0)  548  476,Gxpi2:0,Gxpi2:0Gxpi2:0Gypi2:0,682,Gxpi2:0Gxpi2:0Gxpi2:0,Gxpi2:0,Gxpi2:0Gxpi2:0Gxpi2:0,5,11,682,9,1,3,682,3,2050,30723,7680,3,8367
351,Gypi2:0(Gxpi2:0Gxpi2:0Gypi2:0)^682Gxpi2:0Gxpi2:0@(0)  711  313,Gypi2:0,Gxpi2:0Gxpi2:0Gypi2:0,682,Gxpi2:0Gxpi2:0,Gypi2:0,Gxpi2:0Gxpi2:0,6,11,682,7,1,3,682,2,2049,30724,7681,0,8365
352,Gxpi2:0Gxpi2:0Gxpi2:0(Gxpi2:0Gxpi2:0Gypi2:0)^682Gypi2:0@(0)  755  269,Gxpi2:0Gxpi2:0Gxpi2:0,Gxpi2:0Gxpi2:0Gypi2:0,682,Gypi2:0,Gxpi2:0Gxpi2:0Gxpi2:0,Gypi2:0,9,11,682,6,3,3,682,1,2050,30723,7680,3,8367
353,Gypi2:0Gypi2:0Gypi2:0(Gxpi2:0Gxpi2:0Gypi2:0)^682Gxpi2:0Gxpi2:0Gxpi2:0@(0)  760  264,Gypi2:0Gypi2:0Gypi2:0,Gxpi2:0Gxpi2:0Gypi2:0,682,Gxpi2:0Gxpi2:0Gxpi2:0,Gypi2:0Gypi2:0Gypi2:0,Gxpi2:0Gxpi2:0Gxpi2:0,10,11,682,9,3,3,682,3,2052,30721,7680,1,8365
354,([])^4096Gxpi2:0@(0)  568  456,,[],4096,Gxpi2:0,,Gxpi2:0,-1,4,4096,5,0,4,4096,1,16385,16388,4097,0,8194
355,([])^4096Gypi2:0@(0)  595  429,,[],4096,Gypi2:0,,Gypi2:0,-1,4,4096,6,0,4,4096,1,16385,16388,4097,0,8194
356,([])^4096Gxpi2:0Gxpi2:0@(0)  604  420,,[],4096,Gxpi2:0Gxpi2:0,,Gxpi2:0Gxpi2:0,-1,4,4096,7,0,4,4096,2,16386,16387,4096,3,8196
357,Gypi2:0([])^4096Gypi2:0@(0)  476  548,Gypi2:0,[],4096,Gypi2:0,Gypi2:0,Gypi2:0,6,4,4096,6,1,4,4096,1,16386,16387,4096,3,8197
358,Gxpi2:0Gxpi2:0Gxpi2:0([])^4096@(0)  556  468,Gxpi2:0Gxpi2:0Gxpi2:0,[],4096,,Gxpi2:0Gxpi2:0Gxpi2:0,,9,4,4096,-1,3,4,4096,0,16387,16386,4096,2,8195
359,Gxpi2:0Gxpi2:0Gxpi2:0([])^4096Gxpi2:0@(0)  596  428,Gxpi2:0Gxpi2:0Gxpi2:0,[],4096,Gxpi2:0,Gxpi2:0Gxpi2:0Gxpi2:0,Gxpi2:0,9,4,4096,5,3,4,4096,1,16388,16385,4096,1,8195
360,Gxpi2:0Gxpi2:0Gxpi2:0([])^4096Gypi2:0@(0)  555  469,Gxpi2:0Gxpi2:0Gxpi2:0,[],4096,Gypi2:0,Gxpi2:0Gxpi2:0Gxpi2:0,Gypi2:0,9,4,4096,6,3,4,4096,1,16388,16385,4096,1,8195
361,Gypi2:0Gypi2:0Gypi2:0([])^4096Gxpi2:0@(0)  547  477,Gypi2:0Gypi2:0Gypi2:0,[],4096,Gxpi2:0,Gypi2:0Gypi2:0Gypi2:0,Gxpi2:0,10,4,4096,5,3,4,4096,1,16388,16385,4096,1,8195
362,Gypi2:0Gypi2:0Gypi2:0([])^4096Gxpi2:0Gxpi2:0@(0)  547  477,Gypi2:0Gypi2:0Gypi2:0,[],4096,Gxpi2:0Gxpi2:0,Gypi2:0Gypi2:0Gypi2:0,Gxpi2:0Gxpi2:0,10,4,4096,7,3,4,4096,2,16389,16384,4096,0,8194
363,(Gxpi2:0)^4096Gxpi2:0Gxpi2:0Gxpi2:0@(0)  567  457,,Gxpi2:0,4096,Gxpi2:0Gxpi2:0Gxpi2:0,,Gxpi2:0Gxpi2:0Gxpi2:0,-1,5,4096,9,0,1,4096,3,4099,28674,7168,2,11267
364,Gxpi2:0(Gxpi2:0)^4096Gxpi2:0Gxpi2:0Gxpi2:0@(0)  617  407,Gxpi2:0,Gxpi2:0,4096,Gxpi2:0Gxpi2:0Gxpi2:0,Gxpi2:0,Gxpi2:0Gxpi2:0Gxpi2:0,5,5,4096,9,1,1,4096,3,4100,28673,7168,1,11267
365,Gypi2:0Gypi2:0Gypi2:0(Gxpi2:0)^4096Gypi2:0Gypi2:0Gypi2:0@(0)  336  688,Gypi2:0Gypi2:0Gypi2:0,Gxpi2:0,4096,Gypi2:0Gypi2:0Gypi2:0,Gypi2:0Gypi2:0Gypi2:0,Gypi2:0Gypi2:0Gypi2:0,10,5,4096,10,3,1,4096,3,4102,28671,7167,3,11268
366,Gxpi2:0(Gypi2:0)^4096Gxpi2:0Gxpi2:0Gxpi2:0@(0)  784  240,Gxpi2:0,Gypi2:0,4096,Gxpi2:0Gxpi2:0Gxpi2:0,Gxpi2:0,Gxpi2:0Gxpi2:0Gxpi2:0,5,6,4096,9,1,1,4096,3,4100,28673,7168,1,11267
367,Gypi2:0(Gypi2:0)^4096Gxpi2:0Gxpi2:0@(0)  565  459,Gypi2:0,Gypi2:0,4096,Gxpi2:0Gxpi2:0,Gypi2:0,Gxpi2:0Gxpi2:0,6,6,4096,7,1,1,4096,2,4099,28674,7168,2,11268
368,Gypi2:0Gypi2:0Gypi2:0(Gypi2:0)^4096Gypi2:0@(0)  615  409,Gypi2:0Gypi2:0Gypi2:0,Gypi2:0,4096,Gypi2:0,Gypi2:0Gypi2:0Gypi2:0,Gypi2:0,10,6,4096,6,3,1,4096,1,4100,28673,7168,1,11267
369,Gxpi2:0(Gxpi2:0Gypi2:0)^2048Gxpi2:0@(0)  388  636,Gxpi2:0,Gxpi2:0Gypi2:0,2048,Gxpi2:0,Gxpi2:0,Gxpi2:0,5,8,2048,5,1,2,2048,1,4098,28675,7168,3,9221
370,Gxpi2:0(Gxpi2:0Gypi2:0)^2048Gypi2:0Gypi2:0Gypi2:0@(0)  540  484,Gxpi2:0,Gxpi2:0Gypi2:0,2048,Gypi2:0Gypi2:0Gypi2:0,Gxpi2:0,Gypi2:0Gypi2:0Gypi2:0,5,8,2048,10,1,2,2048,3,4100,28673,7168,1,9219
371,Gypi2:0(Gxpi2:0Gypi2:0)^2048Gypi2:0Gypi2:0Gypi2:0@(0)  707  317,Gypi2:0,Gxpi2:0Gypi2:0,2048,Gypi2:0Gypi2:0Gypi2:0,Gypi2:0,Gypi2:0Gypi2:0Gypi2:0,6,8,2048,10,1,2,2048,3,4100,28673,7168,1,9219
372,Gxpi2:0Gxpi2:0Gxpi2:0(Gxpi2:0Gypi2:0)^2048Gypi2:0@(0)  521  503,Gxpi2:0Gxpi2:0Gxpi2:0,Gxpi2:0Gypi2:0,2048,Gypi2:0,Gxpi2:0Gxpi2:0Gxpi2:0,Gypi2:0,9,8,2048,6,3,2,2048,1,4100,28673,7168,1,9219
373,Gxpi2:0Gxpi2:0Gxpi2:0(Gxpi2:0Gypi2:0)^2048Gxpi2:0Gxpi2:0@(0)  595  429,Gxpi2:0Gxpi2:0Gxpi2:0,Gxpi2:0Gypi2:0,2048,Gxpi2:0Gxpi2:0,Gxpi2:0Gxpi2:0Gxpi2:0,Gxpi2:0Gxpi2:0,9,8,2048,7,3,2,2048,2,4101,28672,7168,0,9218
374,(Gxpi2:0Gxpi2:0Gypi2:0)^1365@(0)  665  359,,Gxpi2:0Gxpi2:0Gypi2:0,1365,,,,-1,11,1365,-1,0,3,1365,0,4095,28678,7169,2,8536
375,Gxpi2:0(Gxpi2:0Gxpi2:0Gypi2:0)^1365Gxpi2:0Gxpi2:0Gxpi2:0@(0)  485  539,Gxpi2:0,Gxpi2:0Gxpi2:0Gypi2:0,1365,Gxpi2:0Gxpi2:0Gxpi2:0,Gxpi2:0,Gxpi2:0Gxpi2:0Gxpi2:0,5,11,1365,9,1,3,1365,3,4099,28674,7168,2,8537
376,Gypi2:0(Gxpi2:0Gxpi2:0Gypi2:0)^1365Gxpi2:0Gxpi2:0@(0)  686  338,Gypi2:0,Gxpi2:0Gxpi2:0Gypi2:0,1365,Gxpi2:0Gxpi2:0,Gypi2:0,Gxpi2:0Gxpi2:0,6,11,1365,7,1,3,1365,2,4098,28675,7168,3,8538
377,Gxpi2:0Gxpi2:0Gxpi2:0(Gxpi2:0Gxpi2:0Gypi2:0)^1365Gypi2:0@(0)  494  530,Gxpi2:0Gxpi2:0Gxpi2:0,Gxpi2:0Gxpi2:0Gypi2:0,1365,Gypi2:0,Gxpi2:0Gxpi2:0Gxpi2:0,Gypi2:0,9,11,1365,6,3,3,1365,1,4099,28674,7168,2,8537
378,Gypi2:0Gypi2:0Gypi2:0(Gxpi2:0Gxpi2:0Gypi2:0)^1365Gxpi2:0Gxpi2:0Gxpi2:0@(0)  452  572,Gypi2:0Gypi2:0Gypi2:0,Gxpi2:0Gxpi2:0Gypi2:0,1365,Gxpi2:0Gxpi2:0Gxpi2:0,Gypi2:0Gypi2:0Gypi2:0,Gxpi2:0Gxpi2:0Gxpi2:0,10,11,1365,9,3,3,1365,3,4101,28672,7168,0,8535
379,([])^8192Gxpi2:0@(0)  575  449,,[],8192,Gxpi2:0,,Gxpi2:0,-1,4,8192,5,0,4,8192,1,32769,4,1,0,8194
380,([])^8192Gypi2:0@(0)  511  513,,[],8192,Gypi2:0,,Gypi2:0,-1,4,8192,6,0,4,8192,1,32769,4,1,0,8194
381,([])^8192Gxpi2:0Gxpi2:0@(0)  525  499,,[],8192,Gxpi2:0Gxpi2:0,,Gxpi2:0Gxpi2:0,-1,4,8192,7,0,4,8192,2,32770,3,0,3,8196
382,Gypi2:0([])^8192Gypi2:0@(0)  519  505,Gypi2:0,[],8192,Gypi2:0,Gypi2:0,Gypi2:0,6,4,8192,6,1,4,8192,1,32770,3,0,3,8197
383,Gxpi2:0Gxpi2:0Gxpi2:0([])^8192@(0)  528  496,Gxpi2:0Gxpi2:0Gxpi2:0,[],8192,,Gxpi2:0Gxpi2:0Gxpi2:0,,9,4,8192,-1,3,4,8192,0,32771,2,0,2,8195
384,Gxpi2:0Gxpi2:0Gxpi2:0([])^8192Gxpi2:0@(0)  519  505,Gxpi2:0Gxpi2:0Gxpi2:0,[],8192,Gxpi2:0,Gxpi2:0Gxpi2:0Gxpi2:0,Gxpi2:0,9,4,8192,5,3,4,8192,1,32772,1,0,1,8195
385,Gxpi2:0Gxpi2:0Gxpi2:0([])^8192Gypi2:0@(0)  552  472,Gxpi2:0Gxpi2:0Gxpi2:0,[],8192,Gypi2:0,Gxpi2:0Gxpi2:0Gxpi2:0,Gypi2:0,9,4,8192,6,3,4,8192,1,32772,1,0,1,8195
386,Gypi2:0Gypi2:0Gypi2:0([])^8192Gxpi2:0@(0)  558  466,Gypi2:0Gypi2:0Gypi2:0,[],8192,Gxpi2:0,Gypi2:0Gypi2:0Gypi2:0,Gxpi2:0,10,4,8192,5,3,4,8192,1,32772,1,0,1,8195
387,Gypi2:0Gypi2:0Gypi2:0([])^8192Gxpi2:0Gxpi2:0@(0)  530  494,Gypi2:0Gypi2:0Gypi2:0,[],8192,Gxpi2:0Gxpi2:0,Gypi2:0Gypi2:0Gypi2:0,Gxpi2:0Gxpi2:0,10,4,8192,7,3,4,8192,2,32773,0,0,0,8194
388,(Gxpi2:0)^8192Gxpi2:0Gxpi2:0Gxpi2:0@(0)  526  498,,Gxpi2:0,8192,Gxpi2:0Gxpi2:0Gxpi2:0,,Gxpi2:0Gxpi2:0Gxpi2:0,-1,5,8192,9,0,1,8192,3,8195,24578,6144,2,14339
389,Gxpi2:0(Gxpi2:0)^8192Gxpi2:0Gxpi2:0Gxpi2:0@(0)  572  452,Gxpi2:0,Gxpi2:0,8192,Gxpi2:0Gxpi2:0Gxpi2:0,Gxpi2:0,Gxpi2:0Gxpi2:0Gxpi2:0,5,5,8192,9,1,1,8192,3,8196,24577,6144,1,14339
390,Gypi2:0Gypi2:0Gypi2:0(Gxpi2:0)^8192Gypi2:0Gypi2:0Gypi2:0@(0)  348  676,Gypi2:0Gypi2:0Gypi2:0,Gxpi2:0,8192,Gypi2:0Gypi2:0Gypi2:0,Gypi2:0Gypi2:0Gypi2:0,Gypi2:0Gypi2:0Gypi2:0,10,5,8192,10,3,1,8192,3,8198,24575,6143,3,14340
391,Gxpi2:0(Gypi2:0)^8192Gxpi2:0Gxpi2:0Gxpi2:0@(0)  1009  15,Gxpi2:0,Gypi2:0,8192,Gxpi2:0Gxpi2:0Gxpi2:0,Gxpi2:0,Gxpi2:0Gxpi2:0Gxpi2:0,5,6,8192,9,1,1,8192,3,8196,24577,6144,1,14339
392,Gypi2:0(Gypi2:0)^8192Gxpi2:0Gxpi2:0@(0)  991  33,Gypi2:0,Gypi2:0,8192,Gxpi2:0Gxpi2:0,Gypi2:0,Gxpi2:0Gxpi2:0,6,6,8192,7,1,1,8192,2,8195,24578,6144,2,14340
393,Gypi2:0Gypi2:0Gypi2:0(Gypi2:0)^8192Gypi2:0@(0)  995  29,Gypi2:0Gypi2:0Gypi2:0,Gypi2:0,8192,Gypi2:0,Gypi2:0Gypi2:0Gypi2:0,Gypi2:0,10,6,8192,6,3,1,8192,1,8196,24577,6144,1,14339
394,Gxpi2:0(Gxpi2:0Gypi2:0)^4096Gxpi2:0@(0)  998  26,Gxpi2:0,Gxpi2:0Gypi2:0,4096,Gxpi2:0,Gxpi2:0,Gxpi2:0,5,8,4096,5,1,2,4096,1,8194,24579,6144,3,10245
395,Gxpi2:0(Gxpi2:0Gypi2:0)^4096Gypi2:0Gypi2:0Gypi2:0@(0)  1002  22,Gxpi2:0,Gxpi2:0Gypi2:0,4096,Gypi2:0Gypi2:0Gypi2:0,Gxpi2:0,Gypi2:0Gypi2:0Gypi2:0,5,8,4096,10,1,2,4096,3,8196,24577,6144,1,10243
396,Gypi2:0(Gxpi2:0Gypi2:0)^4096Gypi2:0Gypi2:0Gypi2:0@(0)  623  401,Gypi2:0,Gxpi2:0Gypi2:0,4096,Gypi2:0Gypi2:0Gypi2:0,Gypi2:0,Gypi2:0Gypi2:0Gypi2:0,6,8,4096,10,1,2,4096,3,8196,24577,6144,1,10243
397,Gxpi2:0Gxpi2:0Gxpi2:0(Gxpi2:0Gypi2:0)^4096Gypi2:0@(0)  499  525,Gxpi2:0Gxpi2:0Gxpi2:0,Gxpi2:0Gypi2:0,4096,Gypi2:0,Gxpi2:0Gxpi2:0Gxpi2:0,Gypi2:0,9,8,4096,6,3,2,4096,1,8196,24577,6144,1,10243
398,Gxpi2:0Gxpi2:0Gxpi2:0(Gxpi2:0Gypi2:0)^4096Gxpi2:0Gxpi2:0@(0)  613  411,Gxpi2:0Gxpi2:0Gxpi2:0,Gxpi2:0Gypi2:0,4096,Gxpi2:0Gxpi2:0,Gxpi2:0Gxpi2:0Gxpi2:0,Gxpi2:0Gxpi2:0,9,8,4096,7,3,2,4096,2,8197,24576,6144,0,10242
399,(Gxpi2:0Gxpi2:0Gypi2:0)^2730@(0)  628  396,,Gxpi2:0Gxpi2:0Gypi2:0,2730,,,,-1,11,2730,-1,0,3,2730,0,8190,24583,6145,3,8878
400,Gxpi2:0(Gxpi2:0Gxpi2:0Gypi2:0)^2730Gxpi2:0Gxpi2:0Gxpi2:0@(0)  513  511,Gxpi2:0,Gxpi2:0Gxpi2:0Gypi2:0,2730,Gxpi2:0Gxpi2:0Gxpi2:0,Gxpi2:0,Gxpi2:0Gxpi2:0Gxpi2:0,5,11,2730,9,1,3,2730,3,8194,24579,6144,3,8879
401,Gypi2:0(Gxpi2:0Gxpi2:0Gypi2:0)^2730Gxpi2:0Gxpi2:0@(0)  671  353,Gypi2:0,Gxpi2:0Gxpi2:0Gypi2:0,2730,Gxpi2:0Gxpi2:0,Gypi2:0,Gxpi2:0Gxpi2:0,6,11,2730,7,1,3,2730,2,8193,24580,6145,0,8877
402,Gxpi2:0Gxpi2:0Gxpi2:0(Gxpi2:0Gxpi2:0Gypi2:0)^2730Gypi2:0@(0)  552  472,Gxpi2:0Gxpi2:0Gxpi2:0,Gxpi2:0Gxpi2:0Gypi2:0,2730,Gypi2:0,Gxpi2:0Gxpi2:0Gxpi2:0,Gypi2:0,9,11,2730,6,3,3,2730,1,8194,24579,6144,3,8879
403,Gypi2:0Gypi2:0Gypi2:0(Gxpi2:0Gxpi2:0Gypi2:0)^2730Gxpi2:0Gxpi2:0Gxpi2:0@(0)  564  460,Gypi2:0Gypi2:0Gypi2:0,Gxpi2:0Gxpi2:0Gypi2:0,2730,Gxpi2:0Gxpi2:0Gxpi2:0,Gypi2:0Gypi2:0Gypi2:0,Gxpi2:0Gxpi2:0Gxpi2:0,10,11,2730,9,3,3,2730,3,8196,24577,6144,1,8877
