seq,A,G,d,B,P,M,P_enc,G_enc,d_enc,M_enc,P_enc_seq,G_enc_seq,d_enc_seq,M_enc_seq
{}@(0)  859  165,{},,,,{},,1,-1,0,-1,1,-1,0,-1
Gxpi2:0@(0)  553  471,Gxpi2:0,,,,Gxpi2:0,,2,-1,0,-1,2,-1,0,-1
Gypi2:0@(0)  572  452,Gypi2:0,,,,Gypi2:0,,3,-1,0,-1,3,-1,0,-1
Gxpi2:0Gxpi2:0@(0)  274  750,Gxpi2:0Gxpi2:0,,,,Gxpi2:0Gxpi2:0,,4,-1,0,-1,4,-1,0,-1
Gxpi2:0Gxpi2:0Gxpi2:0@(0)  532  492,Gxpi2:0Gxpi2:0Gxpi2:0,,,,Gxpi2:0Gxpi2:0Gxpi2:0,,5,-1,0,-1,5,-1,0,-1
Gypi2:0Gypi2:0Gypi2:0@(0)  560  464,Gypi2:0Gypi2:0Gypi2:0,,,,Gypi2:0Gypi2:0Gypi2:0,,6,-1,0,-1,6,-1,0,-1
Gxpi2:0Gypi2:0@(0)  549  475,Gxpi2:0Gypi2:0,,,,Gxpi2:0,Gypi2:0,2,-1,0,3,2,-1,0,13
Gxpi2:0Gxpi2:0Gxpi2:0Gxpi2:0@(0)  853  171,Gxpi2:0Gxpi2:0Gxpi2:0Gxpi2:0,,,,Gxpi2:0Gxpi2:0Gxpi2:0,Gxpi2:0,5,-1,0,2,5,-1,0,12
Gxpi2:0Gypi2:0Gypi2:0Gypi2:0@(0)  549  475,Gxpi2:0Gypi2:0Gypi2:0Gypi2:0,,,,Gxpi2:0,Gypi2:0Gypi2:0Gypi2:0,2,-1,0,6,2,-1,0,16
Gypi2:0Gxpi2:0@(0)  548  476,Gypi2:0Gxpi2:0,,,,Gypi2:0,Gxpi2:0,3,-1,0,2,3,-1,0,12
Gypi2:0Gypi2:0@(0)  265  759,Gypi2:0Gypi2:0,,,,Gypi2:0,Gypi2:0,3,-1,0,3,3,-1,0,13
Gypi2:0Gxpi2:0Gxpi2:0@(0)  555  469,Gypi2:0Gxpi2:0Gxpi2:0,,,,Gypi2:0,Gxpi2:0Gxpi2:0,3,-1,0,4,3,-1,0,14
Gypi2:0Gxpi2:0Gxpi2:0Gxpi2:0@(0)  536  488,Gypi2:0Gxpi2:0Gxpi2:0Gxpi2:0,,,,Gypi2:0,Gxpi2:0Gxpi2:0Gxpi2:0,3,-1,0,5,3,-1,0,15
Gypi2:0Gypi2:0Gypi2:0Gypi2:0@(0)  851  173,Gypi2:0Gypi2:0Gypi2:0Gypi2:0,,,,Gypi2:0Gypi2:0Gypi2:0,Gypi2:0,6,-1,0,3,6,-1,0,13
Gxpi2:0Gxpi2:0Gypi2:0@(0)  546  478,Gxpi2:0Gxpi2:0Gypi2:0,,,,Gxpi2:0Gxpi2:0,Gypi2:0,4,-1,0,3,4,-1,0,13
Gxpi2:0Gxpi2:0Gxpi2:0Gxpi2:0Gxpi2:0@(0)  529  495,Gxpi2:0Gxpi2:0Gxpi2:0Gxpi2:0Gxpi2:0,,,,Gxpi2:0Gxpi2:0Gxpi2:0,Gxpi2:0Gxpi2:0,5,-1,0,4,5,-1,0,14
Gxpi2:0Gxpi2:0Gypi2:0Gypi2:0Gypi2:0@(0)  556  468,Gxpi2:0Gxpi2:0Gypi2:0Gypi2:0Gypi2:0,,,,Gxpi2:0Gxpi2:0,Gypi2:0Gypi2:0Gypi2:0,4,-1,0,6,4,-1,0,16
Gxpi2:0Gxpi2:0Gxpi2:0Gypi2:0@(0)  551  473,Gxpi2:0Gxpi2:0Gxpi2:0Gypi2:0,,,,Gxpi2:0Gxpi2:0Gxpi2:0,Gypi2:0,5,-1,0,3,5,-1,0,13
Gxpi2:0Gxpi2:0Gxpi2:0Gxpi2:0Gxpi2:0Gxpi2:0@(0)  248  776,Gxpi2:0Gxpi2:0Gxpi2:0Gxpi2:0Gxpi2:0Gxpi2:0,,,,Gxpi2:0Gxpi2:0Gxpi2:0,Gxpi2:0Gxpi2:0Gxpi2:0,5,-1,0,5,5,-1,0,15
Gxpi2:0Gxpi2:0Gxpi2:0Gypi2:0Gypi2:0Gypi2:0@(0)  530  494,Gxpi2:0Gxpi2:0Gxpi2:0Gypi2:0Gypi2:0Gypi2:0,,,,Gxpi2:0Gxpi2:0Gxpi2:0,Gypi2:0Gypi2:0Gypi2:0,5,-1,0,6,5,-1,0,16
Gypi2:0Gypi2:0Gypi2:0Gxpi2:0@(0)  539  485,Gypi2:0Gypi2:0Gypi2:0Gxpi2:0,,,,Gypi2:0Gypi2:0Gypi2:0,Gxpi2:0,6,-1,0,2,6,-1,0,12
Gypi2:0Gypi2:0Gypi2:0Gxpi2:0Gxpi2:0@(0)  538  486,Gypi2:0Gypi2:0Gypi2:0Gxpi2:0Gxpi2:0,,,,Gypi2:0Gypi2:0Gypi2:0,Gxpi2:0Gxpi2:0,6,-1,0,4,6,-1,0,14
Gypi2:0Gypi2:0Gypi2:0Gxpi2:0Gxpi2:0Gxpi2:0@(0)  561  463,Gypi2:0Gypi2:0Gypi2:0Gxpi2:0Gxpi2:0Gxpi2:0,,,,Gypi2:0Gypi2:0Gypi2:0,Gxpi2:0Gxpi2:0Gxpi2:0,6,-1,0,5,6,-1,0,15
Gypi2:0Gypi2:0Gypi2:0Gypi2:0Gypi2:0Gypi2:0@(0)  271  753,Gypi2:0Gypi2:0Gypi2:0Gypi2:0Gypi2:0Gypi2:0,,,,Gypi2:0Gypi2:0Gypi2:0,Gypi2:0Gypi2:0Gypi2:0,6,-1,0,6,6,-1,0,16
([])@(0)  792  232,,[],1,,,,-1,1,1,-1,-1,7,1,-1
([])Gxpi2:0@(0)  559  465,,[],1,Gxpi2:0,,Gxpi2:0,-1,1,1,2,-1,7,1,12
([])Gypi2:0@(0)  532  492,,[],1,Gypi2:0,,Gypi2:0,-1,1,1,3,-1,7,1,13
([])Gxpi2:0Gxpi2:0@(0)  225  799,,[],1,Gxpi2:0Gxpi2:0,,Gxpi2:0Gxpi2:0,-1,1,1,4,-1,7,1,14
([])Gxpi2:0Gxpi2:0Gxpi2:0@(0)  535  489,,[],1,Gxpi2:0Gxpi2:0Gxpi2:0,,Gxpi2:0Gxpi2:0Gxpi2:0,-1,1,1,5,-1,7,1,15
([])Gypi2:0Gypi2:0Gypi2:0@(0)  549  475,,[],1,Gypi2:0Gypi2:0Gypi2:0,,Gypi2:0Gypi2:0Gypi2:0,-1,1,1,6,-1,7,1,16
Gxpi2:0([])@(0)  580  444,Gxpi2:0,[],1,,Gxpi2:0,,2,1,1,-1,2,7,1,-1
Gxpi2:0([])Gxpi2:0@(0)  279  745,Gxpi2:0,[],1,Gxpi2:0,Gxpi2:0,Gxpi2:0,2,1,1,2,2,7,1,12
Gxpi2:0([])Gypi2:0@(0)  553  471,Gxpi2:0,[],1,Gypi2:0,Gxpi2:0,Gypi2:0,2,1,1,3,2,7,1,13
Gxpi2:0([])Gxpi2:0Gxpi2:0@(0)  570  454,Gxpi2:0,[],1,Gxpi2:0Gxpi2:0,Gxpi2:0,Gxpi2:0Gxpi2:0,2,1,1,4,2,7,1,14
Gxpi2:0([])Gxpi2:0Gxpi2:0Gxpi2:0@(0)  837  187,Gxpi2:0,[],1,Gxpi2:0Gxpi2:0Gxpi2:0,Gxpi2:0,Gxpi2:0Gxpi2:0Gxpi2:0,2,1,1,5,2,7,1,15
Gxpi2:0([])Gypi2:0Gypi2:0Gypi2:0@(0)  562  462,Gxpi2:0,[],1,Gypi2:0Gypi2:0Gypi2:0,Gxpi2:0,Gypi2:0Gypi2:0Gypi2:0,2,1,1,6,2,7,1,16
Gypi2:0([])@(0)  558  466,Gypi2:0,[],1,,Gypi2:0,,3,1,1,-1,3,7,1,-1
Gypi2:0([])Gxpi2:0@(0)  548  476,Gypi2:0,[],1,Gxpi2:0,Gypi2:0,Gxpi2:0,3,1,1,2,3,7,1,12
Gypi2:0([])Gypi2:0@(0)  246  778,Gypi2:0,[],1,Gypi2:0,Gypi2:0,Gypi2:0,3,1,1,3,3,7,1,13
Gypi2:0([])Gxpi2:0Gxpi2:0@(0)  547  477,Gypi2:0,[],1,Gxpi2:0Gxpi2:0,Gypi2:0,Gxpi2:0Gxpi2:0,3,1,1,4,3,7,1,14
Gypi2:0([])Gxpi2:0Gxpi2:0Gxpi2:0@(0)  534  490,Gypi2:0,[],1,Gxpi2:0Gxpi2:0Gxpi2:0,Gypi2:0,Gxpi2:0Gxpi2:0Gxpi2:0,3,1,1,5,3,7,1,15
Gypi2:0([])Gypi2:0Gypi2:0Gypi2:0@(0)  855  169,Gypi2:0,[],1,Gypi2:0Gypi2:0Gypi2:0,Gypi2:0,Gypi2:0Gypi2:0Gypi2:0,3,1,1,6,3,7,1,16
Gxpi2:0Gxpi2:0([])@(0)  233  791,Gxpi2:0Gxpi2:0,[],1,,Gxpi2:0Gxpi2:0,,4,1,1,-1,4,7,1,-1
Gxpi2:0Gxpi2:0([])Gxpi2:0@(0)  577  447,Gxpi2:0Gxpi2:0,[],1,Gxpi2:0,Gxpi2:0Gxpi2:0,Gxpi2:0,4,1,1,2,4,7,1,12
Gxpi2:0Gxpi2:0([])Gypi2:0@(0)  568  456,Gxpi2:0Gxpi2:0,[],1,Gypi2:0,Gxpi2:0Gxpi2:0,Gypi2:0,4,1,1,3,4,7,1,13
Gxpi2:0Gxpi2:0([])Gxpi2:0Gxpi2:0@(0)  872  152,Gxpi2:0Gxpi2:0,[],1,Gxpi2:0Gxpi2:0,Gxpi2:0Gxpi2:0,Gxpi2:0Gxpi2:0,4,1,1,4,4,7,1,14
Gxpi2:0Gxpi2:0([])Gxpi2:0Gxpi2:0Gxpi2:0@(0)  554  470,Gxpi2:0Gxpi2:0,[],1,Gxpi2:0Gxpi2:0Gxpi2:0,Gxpi2:0Gxpi2:0,Gxpi2:0Gxpi2:0Gxpi2:0,4,1,1,5,4,7,1,15
Gxpi2:0Gxpi2:0([])Gypi2:0Gypi2:0Gypi2:0@(0)  563  461,Gxpi2:0Gxpi2:0,[],1,Gypi2:0Gypi2:0Gypi2:0,Gxpi2:0Gxpi2:0,Gypi2:0Gypi2:0Gypi2:0,4,1,1,6,4,7,1,16
Gxpi2:0Gxpi2:0Gxpi2:0([])@(0)  533  491,Gxpi2:0Gxpi2:0Gxpi2:0,[],1,,Gxpi2:0Gxpi2:0Gxpi2:0,,5,1,1,-1,5,7,1,-1
Gxpi2:0Gxpi2:0Gxpi2:0([])Gxpi2:0@(0)  859  165,Gxpi2:0Gxpi2:0Gxpi2:0,[],1,Gxpi2:0,Gxpi2:0Gxpi2:0Gxpi2:0,Gxpi2:0,5,1,1,2,5,7,1,12
Gxpi2:0Gxpi2:0Gxpi2:0([])Gypi2:0@(0)  546  478,Gxpi2:0Gxpi2:0Gxpi2:0,[],1,Gypi2:0,Gxpi2:0Gxpi2:0Gxpi2:0,Gypi2:0,5,1,1,3,5,7,1,13
Gxpi2:0Gxpi2:0Gxpi2:0([])Gxpi2:0Gxpi2:0@(0)  544  480,Gxpi2:0Gxpi2:0Gxpi2:0,[],1,Gxpi2:0Gxpi2:0,Gxpi2:0Gxpi2:0Gxpi2:0,Gxpi2:0Gxpi2:0,5,1,1,4,5,7,1,14
Gxpi2:0Gxpi2:0Gxpi2:0([])Gxpi2:0Gxpi2:0Gxpi2:0@(0)  248  776,Gxpi2:0Gxpi2:0Gxpi2:0,[],1,Gxpi2:0Gxpi2:0Gxpi2:0,Gxpi2:0Gxpi2:0Gxpi2:0,Gxpi2:0Gxpi2:0Gxpi2:0,5,1,1,5,5,7,1,15
Gxpi2:0Gxpi2:0Gxpi2:0([])Gypi2:0Gypi2:0Gypi2:0@(0)  576  448,Gxpi2:0Gxpi2:0Gxpi2:0,[],1,Gypi2:0Gypi2:0Gypi2:0,Gxpi2:0Gxpi2:0Gxpi2:0,Gypi2:0Gypi2:0Gypi2:0,5,1,1,6,5,7,1,16
Gypi2:0Gypi2:0Gypi2:0([])@(0)  577  447,Gypi2:0Gypi2:0Gypi2:0,[],1,,Gypi2:0Gypi2:0Gypi2:0,,6,1,1,-1,6,7,1,-1
Gypi2:0Gypi2:0Gypi2:0([])Gxpi2:0@(0)  518  506,Gypi2:0Gypi2:0Gypi2:0,[],1,Gxpi2:0,Gypi2:0Gypi2:0Gypi2:0,Gxpi2:0,6,1,1,2,6,7,1,12
Gypi2:0Gypi2:0Gypi2:0([])Gypi2:0@(0)  851  173,Gypi2:0Gypi2:0Gypi2:0,[],1,Gypi2:0,Gypi2:0Gypi2:0Gypi2:0,Gypi2:0,6,1,1,3,6,7,1,13
Gypi2:0Gypi2:0Gypi2:0([])Gxpi2:0Gxpi2:0@(0)  560  464,Gypi2:0Gypi2:0Gypi2:0,[],1,Gxpi2:0Gxpi2:0,Gypi2:0Gypi2:0Gypi2:0,Gxpi2:0Gxpi2:0,6,1,1,4,6,7,1,14
Gypi2:0Gypi2:0Gypi2:0([])Gxpi2:0Gxpi2:0Gxpi2:0@(0)  548  476,Gypi2:0Gypi2:0Gypi2:0,[],1,Gxpi2:0Gxpi2:0Gxpi2:0,Gypi2:0Gypi2:0Gypi2:0,Gxpi2:0Gxpi2:0Gxpi2:0,6,1,1,5,6,7,1,15
Gypi2:0Gypi2:0Gypi2:0([])Gypi2:0Gypi2:0Gypi2:0@(0)  265  759,Gypi2:0Gypi2:0Gypi2:0,[],1,Gypi2:0Gypi2:0Gypi2:0,Gypi2:0Gypi2:0Gypi2:0,Gypi2:0Gypi2:0Gypi2:0,6,1,1,6,6,7,1,16
Gypi2:0(Gxpi2:0)Gypi2:0@(0)  277  747,Gypi2:0,Gxpi2:0,1,Gypi2:0,Gypi2:0,Gypi2:0,3,2,1,3,3,8,1,13
Gypi2:0(Gxpi2:0)Gxpi2:0Gxpi2:0Gxpi2:0@(0)  561  463,Gypi2:0,Gxpi2:0,1,Gxpi2:0Gxpi2:0Gxpi2:0,Gypi2:0,Gxpi2:0Gxpi2:0Gxpi2:0,3,2,1,5,3,8,1,15
Gypi2:0(Gxpi2:0)Gypi2:0Gypi2:0Gypi2:0@(0)  844  180,Gypi2:0,Gxpi2:0,1,Gypi2:0Gypi2:0Gypi2:0,Gypi2:0,Gypi2:0Gypi2:0Gypi2:0,3,2,1,6,3,8,1,16
Gxpi2:0Gxpi2:0Gxpi2:0(Gxpi2:0)Gypi2:0@(0)  553  471,Gxpi2:0Gxpi2:0Gxpi2:0,Gxpi2:0,1,Gypi2:0,Gxpi2:0Gxpi2:0Gxpi2:0,Gypi2:0,5,2,1,3,5,8,1,13
Gxpi2:0Gxpi2:0Gxpi2:0(Gxpi2:0)Gxpi2:0Gxpi2:0Gxpi2:0@(0)  547  477,Gxpi2:0Gxpi2:0Gxpi2:0,Gxpi2:0,1,Gxpi2:0Gxpi2:0Gxpi2:0,Gxpi2:0Gxpi2:0Gxpi2:0,Gxpi2:0Gxpi2:0Gxpi2:0,5,2,1,5,5,8,1,15
Gxpi2:0Gxpi2:0Gxpi2:0(Gxpi2:0)Gypi2:0Gypi2:0Gypi2:0@(0)  530  494,Gxpi2:0Gxpi2:0Gxpi2:0,Gxpi2:0,1,Gypi2:0Gypi2:0Gypi2:0,Gxpi2:0Gxpi2:0Gxpi2:0,Gypi2:0Gypi2:0Gypi2:0,5,2,1,6,5,8,1,16
Gypi2:0Gypi2:0Gypi2:0(Gxpi2:0)Gypi2:0@(0)  871  153,Gypi2:0Gypi2:0Gypi2:0,Gxpi2:0,1,Gypi2:0,Gypi2:0Gypi2:0Gypi2:0,Gypi2:0,6,2,1,3,6,8,1,13
Gypi2:0Gypi2:0Gypi2:0(Gxpi2:0)Gxpi2:0Gxpi2:0Gxpi2:0@(0)  571  453,Gypi2:0Gypi2:0Gypi2:0,Gxpi2:0,1,Gxpi2:0Gxpi2:0Gxpi2:0,Gypi2:0Gypi2:0Gypi2:0,Gxpi2:0Gxpi2:0Gxpi2:0,6,2,1,5,6,8,1,15
Gypi2:0Gypi2:0Gypi2:0(Gxpi2:0)Gypi2:0Gypi2:0Gypi2:0@(0)  251  773,Gypi2:0Gypi2:0Gypi2:0,Gxpi2:0,1,Gypi2:0Gypi2:0Gypi2:0,Gypi2:0Gypi2:0Gypi2:0,Gypi2:0Gypi2:0Gypi2:0,6,2,1,6,6,8,1,16
Gxpi2:0(Gypi2:0)Gxpi2:0@(0)  269  755,Gxpi2:0,Gypi2:0,1,Gxpi2:0,Gxpi2:0,Gxpi2:0,2,3,1,2,2,9,1,12
Gxpi2:0(Gypi2:0)Gypi2:0@(0)  576  448,Gxpi2:0,Gypi2:0,1,Gypi2:0,Gxpi2:0,Gypi2:0,2,3,1,3,2,9,1,13
Gxpi2:0(Gypi2:0)Gxpi2:0Gxpi2:0@(0)  563  461,Gxpi2:0,Gypi2:0,1,Gxpi2:0Gxpi2:0,Gxpi2:0,Gxpi2:0Gxpi2:0,2,3,1,4,2,9,1,14
Gxpi2:0(Gypi2:0)Gxpi2:0Gxpi2:0Gxpi2:0@(0)  857  167,Gxpi2:0,Gypi2:0,1,Gxpi2:0Gxpi2:0Gxpi2:0,Gxpi2:0,Gxpi2:0Gxpi2:0Gxpi2:0,2,3,1,5,2,9,1,15
Gxpi2:0(Gypi2:0)Gypi2:0Gypi2:0Gypi2:0@(0)  555  469,Gxpi2:0,Gypi2:0,1,Gypi2:0Gypi2:0Gypi2:0,Gxpi2:0,Gypi2:0Gypi2:0Gypi2:0,2,3,1,6,2,9,1,16
Gypi2:0(Gypi2:0)Gxpi2:0@(0)  556  468,Gypi2:0,Gypi2:0,1,Gxpi2:0,Gypi2:0,Gxpi2:0,3,3,1,2,3,9,1,12
Gypi2:0(Gypi2:0)Gxpi2:0Gxpi2:0@(0)  842  182,Gypi2:0,Gypi2:0,1,Gxpi2:0Gxpi2:0,Gypi2:0,Gxpi2:0Gxpi2:0,3,3,1,4,3,9,1,14
Gypi2:0(Gypi2:0)Gxpi2:0Gxpi2:0Gxpi2:0@(0)  560  464,Gypi2:0,Gypi2:0,1,Gxpi2:0Gxpi2:0Gxpi2:0,Gypi2:0,Gxpi2:0Gxpi2:0Gxpi2:0,3,3,1,5,3,9,1,15
Gypi2:0(Gypi2:0)Gypi2:0Gypi2:0Gypi2:0@(0)  599  425,Gypi2:0,Gypi2:0,1,Gypi2:0Gypi2:0Gypi2:0,Gypi2:0,Gypi2:0Gypi2:0Gypi2:0,3,3,1,6,3,9,1,16
Gxpi2:0Gxpi2:0(Gypi2:0)Gxpi2:0@(0)  559  465,Gxpi2:0Gxpi2:0,Gypi2:0,1,Gxpi2:0,Gxpi2:0Gxpi2:0,Gxpi2:0,4,3,1,2,4,9,1,12
Gxpi2:0Gxpi2:0(Gypi2:0)Gypi2:0@(0)  849  175,Gxpi2:0Gxpi2:0,Gypi2:0,1,Gypi2:0,Gxpi2:0Gxpi2:0,Gypi2:0,4,3,1,3,4,9,1,13
Gxpi2:0Gxpi2:0(Gypi2:0)Gxpi2:0Gxpi2:0@(0)  561  463,Gxpi2:0Gxpi2:0,Gypi2:0,1,Gxpi2:0Gxpi2:0,Gxpi2:0Gxpi2:0,Gxpi2:0Gxpi2:0,4,3,1,4,4,9,1,14
Gxpi2:0Gxpi2:0(Gypi2:0)Gxpi2:0Gxpi2:0Gxpi2:0@(0)  576  448,Gxpi2:0Gxpi2:0,Gypi2:0,1,Gxpi2:0Gxpi2:0Gxpi2:0,Gxpi2:0Gxpi2:0,Gxpi2:0Gxpi2:0Gxpi2:0,4,3,1,5,4,9,1,15
Gxpi2:0Gxpi2:0(Gypi2:0)Gypi2:0Gypi2:0Gypi2:0@(0)  250  774,Gxpi2:0Gxpi2:0,Gypi2:0,1,Gypi2:0Gypi2:0Gypi2:0,Gxpi2:0Gxpi2:0,Gypi2:0Gypi2:0Gypi2:0,4,3,1,6,4,9,1,16
Gxpi2:0Gxpi2:0Gxpi2:0(Gypi2:0)Gxpi2:0@(0)  838  186,Gxpi2:0Gxpi2:0Gxpi2:0,Gypi2:0,1,Gxpi2:0,Gxpi2:0Gxpi2:0Gxpi2:0,Gxpi2:0,5,3,1,2,5,9,1,12
Gxpi2:0Gxpi2:0Gxpi2:0(Gypi2:0)Gypi2:0@(0)  534  490,Gxpi2:0Gxpi2:0Gxpi2:0,Gypi2:0,1,Gypi2:0,Gxpi2:0Gxpi2:0Gxpi2:0,Gypi2:0,5,3,1,3,5,9,1,13
Gxpi2:0Gxpi2:0Gxpi2:0(Gypi2:0)Gxpi2:0Gxpi2:0@(0)  565  459,Gxpi2:0Gxpi2:0Gxpi2:0,Gypi2:0,1,Gxpi2:0Gxpi2:0,Gxpi2:0Gxpi2:0Gxpi2:0,Gxpi2:0Gxpi2:0,5,3,1,4,5,9,1,14
Gxpi2:0Gxpi2:0Gxpi2:0(Gypi2:0)Gxpi2:0Gxpi2:0Gxpi2:0@(0)  252  772,Gxpi2:0Gxpi2:0Gxpi2:0,Gypi2:0,1,Gxpi2:0Gxpi2:0Gxpi2:0,Gxpi2:0Gxpi2:0Gxpi2:0,Gxpi2:0Gxpi2:0Gxpi2:0,5,3,1,5,5,9,1,15
Gxpi2:0Gxpi2:0Gxpi2:0(Gypi2:0)Gypi2:0Gypi2:0Gypi2:0@(0)  545  479,Gxpi2:0Gxpi2:0Gxpi2:0,Gypi2:0,1,Gypi2:0Gypi2:0Gypi2:0,Gxpi2:0Gxpi2:0Gxpi2:0,Gypi2:0Gypi2:0Gypi2:0,5,3,1,6,5,9,1,16
Gypi2:0Gypi2:0Gypi2:0(Gypi2:0)Gxpi2:0@(0)  581  443,Gypi2:0Gypi2:0Gypi2:0,Gypi2:0,1,Gxpi2:0,Gypi2:0Gypi2:0Gypi2:0,Gxpi2:0,6,3,1,2,6,9,1,12
Gypi2:0Gypi2:0Gypi2:0(Gypi2:0)Gxpi2:0Gxpi2:0@(0)  248  776,Gypi2:0Gypi2:0Gypi2:0,Gypi2:0,1,Gxpi2:0Gxpi2:0,Gypi2:0Gypi2:0Gypi2:0,Gxpi2:0Gxpi2:0,6,3,1,4,6,9,1,14
Gypi2:0Gypi2:0Gypi2:0(Gypi2:0)Gxpi2:0Gxpi2:0Gxpi2:0@(0)  555  469,Gypi2:0Gypi2:0Gypi2:0,Gypi2:0,1,Gxpi2:0Gxpi2:0Gxpi2:0,Gypi2:0Gypi2:0Gypi2:0,Gxpi2:0Gxpi2:0Gxpi2:0,6,3,1,5,6,9,1,15
Gypi2:0Gypi2:0Gypi2:0(Gypi2:0)Gypi2:0Gypi2:0Gypi2:0@(0)  587  437,Gypi2:0Gypi2:0Gypi2:0,Gypi2:0,1,Gypi2:0Gypi2:0Gypi2:0,Gypi2:0Gypi2:0Gypi2:0,Gypi2:0Gypi2:0Gypi2:0,6,3,1,6,6,9,1,16
([])^2Gxpi2:0@(0)  575  449,,[],2,Gxpi2:0,,Gxpi2:0,-1,1,2,2,-1,7,2,12
([])^2Gypi2:0@(0)  542  482,,[],2,Gypi2:0,,Gypi2:0,-1,1,2,3,-1,7,2,13
([])^2Gxpi2:0Gxpi2:0@(0)  254  770,,[],2,Gxpi2:0Gxpi2:0,,Gxpi2:0Gxpi2:0,-1,1,2,4,-1,7,2,14
Gypi2:0([])^2Gypi2:0@(0)  300  724,Gypi2:0,[],2,Gypi2:0,Gypi2:0,Gypi2:0,3,1,2,3,3,7,2,13
Gxpi2:0Gxpi2:0Gxpi2:0([])^2@(0)  567  457,Gxpi2:0Gxpi2:0Gxpi2:0,[],2,,Gxpi2:0Gxpi2:0Gxpi2:0,,5,1,2,-1,5,7,2,-1
Gxpi2:0Gxpi2:0Gxpi2:0([])^2Gxpi2:0@(0)  835  189,Gxpi2:0Gxpi2:0Gxpi2:0,[],2,Gxpi2:0,Gxpi2:0Gxpi2:0Gxpi2:0,Gxpi2:0,5,1,2,2,5,7,2,12
Gxpi2:0Gxpi2:0Gxpi2:0([])^2Gypi2:0@(0)  541  483,Gxpi2:0Gxpi2:0Gxpi2:0,[],2,Gypi2:0,Gxpi2:0Gxpi2:0Gxpi2:0,Gypi2:0,5,1,2,3,5,7,2,13
Gypi2:0Gypi2:0Gypi2:0([])^2Gxpi2:0@(0)  536  488,Gypi2:0Gypi2:0Gypi2:0,[],2,Gxpi2:0,Gypi2:0Gypi2:0Gypi2:0,Gxpi2:0,6,1,2,2,6,7,2,12
Gypi2:0Gypi2:0Gypi2:0([])^2Gxpi2:0Gxpi2:0@(0)  598  426,Gypi2:0Gypi2:0Gypi2:0,[],2,Gxpi2:0Gxpi2:0,Gypi2:0Gypi2:0Gypi2:0,Gxpi2:0Gxpi2:0,6,1,2,4,6,7,2,14
Gypi2:0Gypi2:0Gypi2:0(Gxpi2:0)^2Gypi2:0Gypi2:0Gypi2:0@(0)  252  772,Gypi2:0Gypi2:0Gypi2:0,Gxpi2:0,2,Gypi2:0Gypi2:0Gypi2:0,Gypi2:0Gypi2:0Gypi2:0,Gypi2:0Gypi2:0Gypi2:0,6,2,2,6,6,8,2,16
Gxpi2:0(Gypi2:0)^2Gxpi2:0Gxpi2:0Gxpi2:0@(0)  855  169,Gxpi2:0,Gypi2:0,2,Gxpi2:0Gxpi2:0Gxpi2:0,Gxpi2:0,Gxpi2:0Gxpi2:0Gxpi2:0,2,3,2,5,2,9,2,15
Gypi2:0(Gxpi2:0Gypi2:0)Gypi2:0Gypi2:0Gypi2:0@(0)  571  453,Gypi2:0,Gxpi2:0Gypi2:0,1,Gypi2:0Gypi2:0Gypi2:0,Gypi2:0,Gypi2:0Gypi2:0Gypi2:0,3,4,1,6,3,10,1,16
Gxpi2:0Gxpi2:0Gxpi2:0(Gxpi2:0Gypi2:0)Gypi2:0@(0)  289  735,Gxpi2:0Gxpi2:0Gxpi2:0,Gxpi2:0Gypi2:0,1,Gypi2:0,Gxpi2:0Gxpi2:0Gxpi2:0,Gypi2:0,5,4,1,3,5,10,1,13
Gxpi2:0Gxpi2:0Gxpi2:0(Gxpi2:0Gypi2:0)Gxpi2:0Gxpi2:0@(0)  550  474,Gxpi2:0Gxpi2:0Gxpi2:0,Gxpi2:0Gypi2:0,1,Gxpi2:0Gxpi2:0,Gxpi2:0Gxpi2:0Gxpi2:0,Gxpi2:0Gxpi2:0,5,4,1,4,5,10,1,14
([])^4Gxpi2:0@(0)  594  430,,[],4,Gxpi2:0,,Gxpi2:0,-1,1,4,2,-1,7,4,12
([])^4Gypi2:0@(0)  550  474,,[],4,Gypi2:0,,Gypi2:0,-1,1,4,3,-1,7,4,13
([])^4Gxpi2:0Gxpi2:0@(0)  261  763,,[],4,Gxpi2:0Gxpi2:0,,Gxpi2:0Gxpi2:0,-1,1,4,4,-1,7,4,14
Gypi2:0([])^4Gypi2:0@(0)  280  744,Gypi2:0,[],4,Gypi2:0,Gypi2:0,Gypi2:0,3,1,4,3,3,7,4,13
Gxpi2:0Gxpi2:0Gxpi2:0([])^4@(0)  531  493,Gxpi2:0Gxpi2:0Gxpi2:0,[],4,,Gxpi2:0Gxpi2:0Gxpi2:0,,5,1,4,-1,5,7,4,-1
Gxpi2:0Gxpi2:0Gxpi2:0([])^4Gxpi2:0@(0)  869  155,Gxpi2:0Gxpi2:0Gxpi2:0,[],4,Gxpi2:0,Gxpi2:0Gxpi2:0Gxpi2:0,Gxpi2:0,5,1,4,2,5,7,4,12
Gxpi2:0Gxpi2:0Gxpi2:0([])^4Gypi2:0@(0)  571  453,Gxpi2:0Gxpi2:0Gxpi2:0,[],4,Gypi2:0,Gxpi2:0Gxpi2:0Gxpi2:0,Gypi2:0,5,1,4,3,5,7,4,13
Gypi2:0Gypi2:0Gypi2:0([])^4Gxpi2:0@(0)  559  465,Gypi2:0Gypi2:0Gypi2:0,[],4,Gxpi2:0,Gypi2:0Gypi2:0Gypi2:0,Gxpi2:0,6,1,4,2,6,7,4,12
Gypi2:0Gypi2:0Gypi2:0([])^4Gxpi2:0Gxpi2:0@(0)  571  453,Gypi2:0Gypi2:0Gypi2:0,[],4,Gxpi2:0Gxpi2:0,Gypi2:0Gypi2:0Gypi2:0,Gxpi2:0Gxpi2:0,6,1,4,4,6,7,4,14
Gxpi2:0(Gxpi2:0)^4Gxpi2:0Gxpi2:0Gxpi2:0@(0)  830  194,Gxpi2:0,Gxpi2:0,4,Gxpi2:0Gxpi2:0Gxpi2:0,Gxpi2:0,Gxpi2:0Gxpi2:0Gxpi2:0,2,2,4,5,2,8,4,15
Gypi2:0Gypi2:0Gypi2:0(Gxpi2:0)^4Gypi2:0Gypi2:0Gypi2:0@(0)  226  798,Gypi2:0Gypi2:0Gypi2:0,Gxpi2:0,4,Gypi2:0Gypi2:0Gypi2:0,Gypi2:0Gypi2:0Gypi2:0,Gypi2:0Gypi2:0Gypi2:0,6,2,4,6,6,8,4,16
Gxpi2:0(Gypi2:0)^4Gxpi2:0Gxpi2:0Gxpi2:0@(0)  816  208,Gxpi2:0,Gypi2:0,4,Gxpi2:0Gxpi2:0Gxpi2:0,Gxpi2:0,Gxpi2:0Gxpi2:0Gxpi2:0,2,3,4,5,2,9,4,15
Gypi2:0(Gypi2:0)^4Gxpi2:0Gxpi2:0@(0)  549  475,Gypi2:0,Gypi2:0,4,Gxpi2:0Gxpi2:0,Gypi2:0,Gxpi2:0Gxpi2:0,3,3,4,4,3,9,4,14
Gypi2:0Gypi2:0Gypi2:0(Gypi2:0)^4Gypi2:0@(0)  861  163,Gypi2:0Gypi2:0Gypi2:0,Gypi2:0,4,Gypi2:0,Gypi2:0Gypi2:0Gypi2:0,Gypi2:0,6,3,4,3,6,9,4,13
Gxpi2:0(Gxpi2:0Gypi2:0)^2Gxpi2:0@(0)  537  487,Gxpi2:0,Gxpi2:0Gypi2:0,2,Gxpi2:0,Gxpi2:0,Gxpi2:0,2,4,2,2,2,10,2,12
Gxpi2:0(Gxpi2:0Gypi2:0)^2Gypi2:0Gypi2:0Gypi2:0@(0)  574  450,Gxpi2:0,Gxpi2:0Gypi2:0,2,Gypi2:0Gypi2:0Gypi2:0,Gxpi2:0,Gypi2:0Gypi2:0Gypi2:0,2,4,2,6,2,10,2,16
Gypi2:0(Gxpi2:0Gypi2:0)^2Gypi2:0Gypi2:0Gypi2:0@(0)  537  487,Gypi2:0,Gxpi2:0Gypi2:0,2,Gypi2:0Gypi2:0Gypi2:0,Gypi2:0,Gypi2:0Gypi2:0Gypi2:0,3,4,2,6,3,10,2,16
Gxpi2:0Gxpi2:0Gxpi2:0(Gxpi2:0Gypi2:0)^2Gypi2:0@(0)  568  456,Gxpi2:0Gxpi2:0Gxpi2:0,Gxpi2:0Gypi2:0,2,Gypi2:0,Gxpi2:0Gxpi2:0Gxpi2:0,Gypi2:0,5,4,2,3,5,10,2,13
Gxpi2:0Gxpi2:0Gxpi2:0(Gxpi2:0Gypi2:0)^2Gxpi2:0Gxpi2:0@(0)  856  168,Gxpi2:0Gxpi2:0Gxpi2:0,Gxpi2:0Gypi2:0,2,Gxpi2:0Gxpi2:0,Gxpi2:0Gxpi2:0Gxpi2:0,Gxpi2:0Gxpi2:0,5,4,2,4,5,10,2,14
Gypi2:0(Gxpi2:0Gxpi2:0Gypi2:0)Gxpi2:0Gxpi2:0@(0)  885  139,Gypi2:0,Gxpi2:0Gxpi2:0Gypi2:0,1,Gxpi2:0Gxpi2:0,Gypi2:0,Gxpi2:0Gxpi2:0,3,5,1,4,3,11,1,14
Gxpi2:0Gxpi2:0Gxpi2:0(Gxpi2:0Gxpi2:0Gypi2:0)Gypi2:0@(0)  565  459,Gxpi2:0Gxpi2:0Gxpi2:0,Gxpi2:0Gxpi2:0Gypi2:0,1,Gypi2:0,Gxpi2:0Gxpi2:0Gxpi2:0,Gypi2:0,5,5,1,3,5,11,1,13
Gypi2:0Gypi2:0Gypi2:0(Gxpi2:0Gxpi2:0Gypi2:0)Gxpi2:0Gxpi2:0Gxpi2:0@(0)  525  499,Gypi2:0Gypi2:0Gypi2:0,Gxpi2:0Gxpi2:0Gypi2:0,1,Gxpi2:0Gxpi2:0Gxpi2:0,Gypi2:0Gypi2:0Gypi2:0,Gxpi2:0Gxpi2:0Gxpi2:0,6,5,1,5,6,11,1,15
([])^8Gxpi2:0@(0)  558  466,,[],8,Gxpi2:0,,Gxpi2:0,-1,1,8,2,-1,7,8,12
([])^8Gypi2:0@(0)  549  475,,[],8,Gypi2:0,,Gypi2:0,-1,1,8,3,-1,7,8,13
([])^8Gxpi2:0Gxpi2:0@(0)  292  732,,[],8,Gxpi2:0Gxpi2:0,,Gxpi2:0Gxpi2:0,-1,1,8,4,-1,7,8,14
Gypi2:0([])^8Gypi2:0@(0)  281  743,Gypi2:0,[],8,Gypi2:0,Gypi2:0,Gypi2:0,3,1,8,3,3,7,8,13
Gxpi2:0Gxpi2:0Gxpi2:0([])^8@(0)  570  454,Gxpi2:0Gxpi2:0Gxpi2:0,[],8,,Gxpi2:0Gxpi2:0Gxpi2:0,,5,1,8,-1,5,7,8,-1
Gxpi2:0Gxpi2:0Gxpi2:0([])^8Gxpi2:0@(0)  858  166,Gxpi2:0Gxpi2:0Gxpi2:0,[],8,Gxpi2:0,Gxpi2:0Gxpi2:0Gxpi2:0,Gxpi2:0,5,1,8,2,5,7,8,12
Gxpi2:0Gxpi2:0Gxpi2:0([])^8Gypi2:0@(0)  557  467,Gxpi2:0Gxpi2:0Gxpi2:0,[],8,Gypi2:0,Gxpi2:0Gxpi2:0Gxpi2:0,Gypi2:0,5,1,8,3,5,7,8,13
Gypi2:0Gypi2:0Gypi2:0([])^8Gxpi2:0@(0)  535  489,Gypi2:0Gypi2:0Gypi2:0,[],8,Gxpi2:0,Gypi2:0Gypi2:0Gypi2:0,Gxpi2:0,6,1,8,2,6,7,8,12
Gypi2:0Gypi2:0Gypi2:0([])^8Gxpi2:0Gxpi2:0@(0)  575  449,Gypi2:0Gypi2:0Gypi2:0,[],8,Gxpi2:0Gxpi2:0,Gypi2:0Gypi2:0Gypi2:0,Gxpi2:0Gxpi2:0,6,1,8,4,6,7,8,14
(Gxpi2:0)^8Gxpi2:0Gxpi2:0Gxpi2:0@(0)  558  466,,Gxpi2:0,8,Gxpi2:0Gxpi2:0Gxpi2:0,,Gxpi2:0Gxpi2:0Gxpi2:0,-1,2,8,5,-1,8,8,15
Gxpi2:0(Gxpi2:0)^8Gxpi2:0Gxpi2:0Gxpi2:0@(0)  851  173,Gxpi2:0,Gxpi2:0,8,Gxpi2:0Gxpi2:0Gxpi2:0,Gxpi2:0,Gxpi2:0Gxpi2:0Gxpi2:0,2,2,8,5,2,8,8,15
Gypi2:0Gypi2:0Gypi2:0(Gxpi2:0)^8Gypi2:0Gypi2:0Gypi2:0@(0)  206  818,Gypi2:0Gypi2:0Gypi2:0,Gxpi2:0,8,Gypi2:0Gypi2:0Gypi2:0,Gypi2:0Gypi2:0Gypi2:0,Gypi2:0Gypi2:0Gypi2:0,6,2,8,6,6,8,8,16
Gxpi2:0(Gypi2:0)^8Gxpi2:0Gxpi2:0Gxpi2:0@(0)  813  211,Gxpi2:0,Gypi2:0,8,Gxpi2:0Gxpi2:0Gxpi2:0,Gxpi2:0,Gxpi2:0Gxpi2:0Gxpi2:0,2,3,8,5,2,9,8,15
Gypi2:0(Gypi2:0)^8Gxpi2:0Gxpi2:0@(0)  510  514,Gypi2:0,Gypi2:0,8,Gxpi2:0Gxpi2:0,Gypi2:0,Gxpi2:0Gxpi2:0,3,3,8,4,3,9,8,14
Gypi2:0Gypi2:0Gypi2:0(Gypi2:0)^8Gypi2:0@(0)  852  172,Gypi2:0Gypi2:0Gypi2:0,Gypi2:0,8,Gypi2:0,Gypi2:0Gypi2:0Gypi2:0,Gypi2:0,6,3,8,3,6,9,8,13
Gxpi2:0(Gxpi2:0Gypi2:0)^4Gxpi2:0@(0)  583  441,Gxpi2:0,Gxpi2:0Gypi2:0,4,Gxpi2:0,Gxpi2:0,Gxpi2:0,2,4,4,2,2,10,4,12
Gxpi2:0(Gxpi2:0Gypi2:0)^4Gypi2:0Gypi2:0Gypi2:0@(0)  241  783,Gxpi2:0,Gxpi2:0Gypi2:0,4,Gypi2:0Gypi2:0Gypi2:0,Gxpi2:0,Gypi2:0Gypi2:0Gypi2:0,2,4,4,6,2,10,4,16
Gypi2:0(Gxpi2:0Gypi2:0)^4Gypi2:0Gypi2:0Gypi2:0@(0)  558  466,Gypi2:0,Gxpi2:0Gypi2:0,4,Gypi2:0Gypi2:0Gypi2:0,Gypi2:0,Gypi2:0Gypi2:0Gypi2:0,3,4,4,6,3,10,4,16
Gxpi2:0Gxpi2:0Gxpi2:0(Gxpi2:0Gypi2:0)^4Gypi2:0@(0)  249  775,Gxpi2:0Gxpi2:0Gxpi2:0,Gxpi2:0Gypi2:0,4,Gypi2:0,Gxpi2:0Gxpi2:0Gxpi2:0,Gypi2:0,5,4,4,3,5,10,4,13
Gxpi2:0Gxpi2:0Gxpi2:0(Gxpi2:0Gypi2:0)^4Gxpi2:0Gxpi2:0@(0)  536  488,Gxpi2:0Gxpi2:0Gxpi2:0,Gxpi2:0Gypi2:0,4,Gxpi2:0Gxpi2:0,Gxpi2:0Gxpi2:0Gxpi2:0,Gxpi2:0Gxpi2:0,5,4,4,4,5,10,4,14
(Gxpi2:0Gxpi2:0Gypi2:0)^2@(0)  842  182,,Gxpi2:0Gxpi2:0Gypi2:0,2,,,,-1,5,2,-1,-1,11,2,-1
Gxpi2:0(Gxpi2:0Gxpi2:0Gypi2:0)^2Gxpi2:0Gxpi2:0Gxpi2:0@(0)  888  136,Gxpi2:0,Gxpi2:0Gxpi2:0Gypi2:0,2,Gxpi2:0Gxpi2:0Gxpi2:0,Gxpi2:0,Gxpi2:0Gxpi2:0Gxpi2:0,2,5,2,5,2,11,2,15
Gypi2:0(Gxpi2:0Gxpi2:0Gypi2:0)^2Gxpi2:0Gxpi2:0@(0)  542  482,Gypi2:0,Gxpi2:0Gxpi2:0Gypi2:0,2,Gxpi2:0Gxpi2:0,Gypi2:0,Gxpi2:0Gxpi2:0,3,5,2,4,3,11,2,14
Gxpi2:0Gxpi2:0Gxpi2:0(Gxpi2:0Gxpi2:0Gypi2:0)^2Gypi2:0@(0)  580  444,Gxpi2:0Gxpi2:0Gxpi2:0,Gxpi2:0Gxpi2:0Gypi2:0,2,Gypi2:0,Gxpi2:0Gxpi2:0Gxpi2:0,Gypi2:0,5,5,2,3,5,11,2,13
Gypi2:0Gypi2:0Gypi2:0(Gxpi2:0Gxpi2:0Gypi2:0)^2Gxpi2:0Gxpi2:0Gxpi2:0@(0)  578  446,Gypi2:0Gypi2:0Gypi2:0,Gxpi2:0Gxpi2:0Gypi2:0,2,Gxpi2:0Gxpi2:0Gxpi2:0,Gypi2:0Gypi2:0Gypi2:0,Gxpi2:0Gxpi2:0Gxpi2:0,6,5,2,5,6,11,2,15
([])^16Gxpi2:0@(0)  551  473,,[],16,Gxpi2:0,,Gxpi2:0,-1,1,16,2,-1,7,16,12
([])^16Gypi2:0@(0)  538  486,,[],16,Gypi2:0,,Gypi2:0,-1,1,16,3,-1,7,16,13
([])^16Gxpi2:0Gxpi2:0@(0)  263  761,,[],16,Gxpi2:0Gxpi2:0,,Gxpi2:0Gxpi2:0,-1,1,16,4,-1,7,16,14
Gypi2:0([])^16Gypi2:0@(0)  272  752,Gypi2:0,[],16,Gypi2:0,Gypi2:0,Gypi2:0,3,1,16,3,3,7,16,13
Gxpi2:0Gxpi2:0Gxpi2:0([])^16@(0)  531  493,Gxpi2:0Gxpi2:0Gxpi2:0,[],16,,Gxpi2:0Gxpi2:0Gxpi2:0,,5,1,16,-1,5,7,16,-1
Gxpi2:0Gxpi2:0Gxpi2:0([])^16Gxpi2:0@(0)  850  174,Gxpi2:0Gxpi2:0Gxpi2:0,[],16,Gxpi2:0,Gxpi2:0Gxpi2:0Gxpi2:0,Gxpi2:0,5,1,16,2,5,7,16,12
Gxpi2:0Gxpi2:0Gxpi2:0([])^16Gypi2:0@(0)  540  484,Gxpi2:0Gxpi2:0Gxpi2:0,[],16,Gypi2:0,Gxpi2:0Gxpi2:0Gxpi2:0,Gypi2:0,5,1,16,3,5,7,16,13
Gypi2:0Gypi2:0Gypi2:0([])^16Gxpi2:0@(0)  564  460,Gypi2:0Gypi2:0Gypi2:0,[],16,Gxpi2:0,Gypi2:0Gypi2:0Gypi2:0,Gxpi2:0,6,1,16,2,6,7,16,12
Gypi2:0Gypi2:0Gypi2:0([])^16Gxpi2:0Gxpi2:0@(0)  572  452,Gypi2:0Gypi2:0Gypi2:0,[],16,Gxpi2:0Gxpi2:0,Gypi2:0Gypi2:0Gypi2:0,Gxpi2:0Gxpi2:0,6,1,16,4,6,7,16,14
(Gxpi2:0)^16Gxpi2:0Gxpi2:0Gxpi2:0@(0)  538  486,,Gxpi2:0,16,Gxpi2:0Gxpi2:0Gxpi2:0,,Gxpi2:0Gxpi2:0Gxpi2:0,-1,2,16,5,-1,8,16,15
Gxpi2:0(Gxpi2:0)^16Gxpi2:0Gxpi2:0Gxpi2:0@(0)  847  177,Gxpi2:0,Gxpi2:0,16,Gxpi2:0Gxpi2:0Gxpi2:0,Gxpi2:0,Gxpi2:0Gxpi2:0Gxpi2:0,2,2,16,5,2,8,16,15
Gypi2:0Gypi2:0Gypi2:0(Gxpi2:0)^16Gypi2:0Gypi2:0Gypi2:0@(0)  229  795,Gypi2:0Gypi2:0Gypi2:0,Gxpi2:0,16,Gypi2:0Gypi2:0Gypi2:0,Gypi2:0Gypi2:0Gypi2:0,Gypi2:0Gypi2:0Gypi2:0,6,2,16,6,6,8,16,16
Gxpi2:0(Gypi2:0)^16Gxpi2:0Gxpi2:0Gxpi2:0@(0)  828  196,Gxpi2:0,Gypi2:0,16,Gxpi2:0Gxpi2:0Gxpi2:0,Gxpi2:0,Gxpi2:0Gxpi2:0Gxpi2:0,2,3,16,5,2,9,16,15
Gypi2:0(Gypi2:0)^16Gxpi2:0Gxpi2:0@(0)  542  482,Gypi2:0,Gypi2:0,16,Gxpi2:0Gxpi2:0,Gypi2:0,Gxpi2:0Gxpi2:0,3,3,16,4,3,9,16,14
Gypi2:0Gypi2:0Gypi2:0(Gypi2:0)^16Gypi2:0@(0)  850  174,Gypi2:0Gypi2:0Gypi2:0,Gypi2:0,16,Gypi2:0,Gypi2:0Gypi2:0Gypi2:0,Gypi2:0,6,3,16,3,6,9,16,13
Gxpi2:0(Gxpi2:0Gypi2:0)^8Gxpi2:0@(0)  544  480,Gxpi2:0,Gxpi2:0Gypi2:0,8,Gxpi2:0,Gxpi2:0,Gxpi2:0,2,4,8,2,2,10,8,12
Gxpi2:0(Gxpi2:0Gypi2:0)^8Gypi2:0Gypi2:0Gypi2:0@(0)  529  495,Gxpi2:0,Gxpi2:0Gypi2:0,8,Gypi2:0Gypi2:0Gypi2:0,Gxpi2:0,Gypi2:0Gypi2:0Gypi2:0,2,4,8,6,2,10,8,16
Gypi2:0(Gxpi2:0Gypi2:0)^8Gypi2:0Gypi2:0Gypi2:0@(0)  576  448,Gypi2:0,Gxpi2:0Gypi2:0,8,Gypi2:0Gypi2:0Gypi2:0,Gypi2:0,Gypi2:0Gypi2:0Gypi2:0,3,4,8,6,3,10,8,16
Gxpi2:0Gxpi2:0Gxpi2:0(Gxpi2:0Gypi2:0)^8Gypi2:0@(0)  538  486,Gxpi2:0Gxpi2:0Gxpi2:0,Gxpi2:0Gypi2:0,8,Gypi2:0,Gxpi2:0Gxpi2:0Gxpi2:0,Gypi2:0,5,4,8,3,5,10,8,13
Gxpi2:0Gxpi2:0Gxpi2:0(Gxpi2:0Gypi2:0)^8Gxpi2:0Gxpi2:0@(0)  847  177,Gxpi2:0Gxpi2:0Gxpi2:0,Gxpi2:0Gypi2:0,8,Gxpi2:0Gxpi2:0,Gxpi2:0Gxpi2:0Gxpi2:0,Gxpi2:0Gxpi2:0,5,4,8,4,5,10,8,14
(Gxpi2:0Gxpi2:0Gypi2:0)^5@(0)  556  468,,Gxpi2:0Gxpi2:0Gypi2:0,5,,,,-1,5,5,-1,-1,11,5,-1
Gxpi2:0(Gxpi2:0Gxpi2:0Gypi2:0)^5Gxpi2:0Gxpi2:0Gxpi2:0@(0)  244  780,Gxpi2:0,Gxpi2:0Gxpi2:0Gypi2:0,5,Gxpi2:0Gxpi2:0Gxpi2:0,Gxpi2:0,Gxpi2:0Gxpi2:0Gxpi2:0,2,5,5,5,2,11,5,15
Gypi2:0(Gxpi2:0Gxpi2:0Gypi2:0)^5Gxpi2:0Gxpi2:0@(0)  817  207,Gypi2:0,Gxpi2:0Gxpi2:0Gypi2:0,5,Gxpi2:0Gxpi2:0,Gypi2:0,Gxpi2:0Gxpi2:0,3,5,5,4,3,11,5,14
Gxpi2:0Gxpi2:0Gxpi2:0(Gxpi2:0Gxpi2:0Gypi2:0)^5Gypi2:0@(0)  556  468,Gxpi2:0Gxpi2:0Gxpi2:0,Gxpi2:0Gxpi2:0Gypi2:0,5,Gypi2:0,Gxpi2:0Gxpi2:0Gxpi2:0,Gypi2:0,5,5,5,3,5,11,5,13
Gypi2:0Gypi2:0Gypi2:0(Gxpi2:0Gxpi2:0Gypi2:0)^5Gxpi2:0Gxpi2:0Gxpi2:0@(0)  545  479,Gypi2:0Gypi2:0Gypi2:0,Gxpi2:0Gxpi2:0Gypi2:0,5,Gxpi2:0Gxpi2:0Gxpi2:0,Gypi2:0Gypi2:0Gypi2:0,Gxpi2:0Gxpi2:0Gxpi2:0,6,5,5,5,6,11,5,15
([])^32Gxpi2:0@(0)  630  394,,[],32,Gxpi2:0,,Gxpi2:0,-1,1,32,2,-1,7,32,12
([])^32Gypi2:0@(0)  523  501,,[],32,Gypi2:0,,Gypi2:0,-1,1,32,3,-1,7,32,13
([])^32Gxpi2:0Gxpi2:0@(0)  265  759,,[],32,Gxpi2:0Gxpi2:0,,Gxpi2:0Gxpi2:0,-1,1,32,4,-1,7,32,14
Gypi2:0([])^32Gypi2:0@(0)  268  756,Gypi2:0,[],32,Gypi2:0,Gypi2:0,Gypi2:0,3,1,32,3,3,7,32,13
Gxpi2:0Gxpi2:0Gxpi2:0([])^32@(0)  459  565,Gxpi2:0Gxpi2:0Gxpi2:0,[],32,,Gxpi2:0Gxpi2:0Gxpi2:0,,5,1,32,-1,5,7,32,-1
Gxpi2:0Gxpi2:0Gxpi2:0([])^32Gxpi2:0@(0)  819  205,Gxpi2:0Gxpi2:0Gxpi2:0,[],32,Gxpi2:0,Gxpi2:0Gxpi2:0Gxpi2:0,Gxpi2:0,5,1,32,2,5,7,32,12
Gxpi2:0Gxpi2:0Gxpi2:0([])^32Gypi2:0@(0)  542  482,Gxpi2:0Gxpi2:0Gxpi2:0,[],32,Gypi2:0,Gxpi2:0Gxpi2:0Gxpi2:0,Gypi2:0,5,1,32,3,5,7,32,13
Gypi2:0Gypi2:0Gypi2:0([])^32Gxpi2:0@(0)  551  473,Gypi2:0Gypi2:0Gypi2:0,[],32,Gxpi2:0,Gypi2:0Gypi2:0Gypi2:0,Gxpi2:0,6,1,32,2,6,7,32,12
Gypi2:0Gypi2:0Gypi2:0([])^32Gxpi2:0Gxpi2:0@(0)  560  464,Gypi2:0Gypi2:0Gypi2:0,[],32,Gxpi2:0Gxpi2:0,Gypi2:0Gypi2:0Gypi2:0,Gxpi2:0Gxpi2:0,6,1,32,4,6,7,32,14
(Gxpi2:0)^32Gxpi2:0Gxpi2:0Gxpi2:0@(0)  549  475,,Gxpi2:0,32,Gxpi2:0Gxpi2:0Gxpi2:0,,Gxpi2:0Gxpi2:0Gxpi2:0,-1,2,32,5,-1,8,32,15
Gxpi2:0(Gxpi2:0)^32Gxpi2:0Gxpi2:0Gxpi2:0@(0)  825  199,Gxpi2:0,Gxpi2:0,32,Gxpi2:0Gxpi2:0Gxpi2:0,Gxpi2:0,Gxpi2:0Gxpi2:0Gxpi2:0,2,2,32,5,2,8,32,15
Gypi2:0Gypi2:0Gypi2:0(Gxpi2:0)^32Gypi2:0Gypi2:0Gypi2:0@(0)  207  817,Gypi2:0Gypi2:0Gypi2:0,Gxpi2:0,32,Gypi2:0Gypi2:0Gypi2:0,Gypi2:0Gypi2:0Gypi2:0,Gypi2:0Gypi2:0Gypi2:0,6,2,32,6,6,8,32,16
Gxpi2:0(Gypi2:0)^32Gxpi2:0Gxpi2:0Gxpi2:0@(0)  825  199,Gxpi2:0,Gypi2:0,32,Gxpi2:0Gxpi2:0Gxpi2:0,Gxpi2:0,Gxpi2:0Gxpi2:0Gxpi2:0,2,3,32,5,2,9,32,15
Gypi2:0(Gypi2:0)^32Gxpi2:0Gxpi2:0@(0)  559  465,Gypi2:0,Gypi2:0,32,Gxpi2:0Gxpi2:0,Gypi2:0,Gxpi2:0Gxpi2:0,3,3,32,4,3,9,32,14
Gypi2:0Gypi2:0Gypi2:0(Gypi2:0)^32Gypi2:0@(0)  850  174,Gypi2:0Gypi2:0Gypi2:0,Gypi2:0,32,Gypi2:0,Gypi2:0Gypi2:0Gypi2:0,Gypi2:0,6,3,32,3,6,9,32,13
Gxpi2:0(Gxpi2:0Gypi2:0)^16Gxpi2:0@(0)  544  480,Gxpi2:0,Gxpi2:0Gypi2:0,16,Gxpi2:0,Gxpi2:0,Gxpi2:0,2,4,16,2,2,10,16,12
Gxpi2:0(Gxpi2:0Gypi2:0)^16Gypi2:0Gypi2:0Gypi2:0@(0)  270  754,Gxpi2:0,Gxpi2:0Gypi2:0,16,Gypi2:0Gypi2:0Gypi2:0,Gxpi2:0,Gypi2:0Gypi2:0Gypi2:0,2,4,16,6,2,10,16,16
Gypi2:0(Gxpi2:0Gypi2:0)^16Gypi2:0Gypi2:0Gypi2:0@(0)  556  468,Gypi2:0,Gxpi2:0Gypi2:0,16,Gypi2:0Gypi2:0Gypi2:0,Gypi2:0,Gypi2:0Gypi2:0Gypi2:0,3,4,16,6,3,10,16,16
Gxpi2:0Gxpi2:0Gxpi2:0(Gxpi2:0Gypi2:0)^16Gypi2:0@(0)  260  764,Gxpi2:0Gxpi2:0Gxpi2:0,Gxpi2:0Gypi2:0,16,Gypi2:0,Gxpi2:0Gxpi2:0Gxpi2:0,Gypi2:0,5,4,16,3,5,10,16,13
Gxpi2:0Gxpi2:0Gxpi2:0(Gxpi2:0Gypi2:0)^16Gxpi2:0Gxpi2:0@(0)  549  475,Gxpi2:0Gxpi2:0Gxpi2:0,Gxpi2:0Gypi2:0,16,Gxpi2:0Gxpi2:0,Gxpi2:0Gxpi2:0Gxpi2:0,Gxpi2:0Gxpi2:0,5,4,16,4,5,10,16,14
(Gxpi2:0Gxpi2:0Gypi2:0)^10@(0)  828  196,,Gxpi2:0Gxpi2:0Gypi2:0,10,,,,-1,5,10,-1,-1,11,10,-1
Gxpi2:0(Gxpi2:0Gxpi2:0Gypi2:0)^10Gxpi2:0Gxpi2:0Gxpi2:0@(0)  865  159,Gxpi2:0,Gxpi2:0Gxpi2:0Gypi2:0,10,Gxpi2:0Gxpi2:0Gxpi2:0,Gxpi2:0,Gxpi2:0Gxpi2:0Gxpi2:0,2,5,10,5,2,11,10,15
Gypi2:0(Gxpi2:0Gxpi2:0Gypi2:0)^10Gxpi2:0Gxpi2:0@(0)  535  489,Gypi2:0,Gxpi2:0Gxpi2:0Gypi2:0,10,Gxpi2:0Gxpi2:0,Gypi2:0,Gxpi2:0Gxpi2:0,3,5,10,4,3,11,10,14
Gxpi2:0Gxpi2:0Gxpi2:0(Gxpi2:0Gxpi2:0Gypi2:0)^10Gypi2:0@(0)  576  448,Gxpi2:0Gxpi2:0Gxpi2:0,Gxpi2:0Gxpi2:0Gypi2:0,10,Gypi2:0,Gxpi2:0Gxpi2:0Gxpi2:0,Gypi2:0,5,5,10,3,5,11,10,13
Gypi2:0Gypi2:0Gypi2:0(Gxpi2:0Gxpi2:0Gypi2:0)^10Gxpi2:0Gxpi2:0Gxpi2:0@(0)  554  470,Gypi2:0Gypi2:0Gypi2:0,Gxpi2:0Gxpi2:0Gypi2:0,10,Gxpi2:0Gxpi2:0Gxpi2:0,Gypi2:0Gypi2:0Gypi2:0,Gxpi2:0Gxpi2:0Gxpi2:0,6,5,10,5,6,11,10,15
([])^64Gxpi2:0@(0)  731  293,,[],64,Gxpi2:0,,Gxpi2:0,-1,1,64,2,-1,7,64,12
([])^64Gypi2:0@(0)  518  506,,[],64,Gypi2:0,,Gypi2:0,-1,1,64,3,-1,7,64,13
([])^64Gxpi2:0Gxpi2:0@(0)  329  695,,[],64,Gxpi2:0Gxpi2:0,,Gxpi2:0Gxpi2:0,-1,1,64,4,-1,7,64,14
Gypi2:0([])^64Gypi2:0@(0)  240  784,Gypi2:0,[],64,Gypi2:0,Gypi2:0,Gypi2:0,3,1,64,3,3,7,64,13
Gxpi2:0Gxpi2:0Gxpi2:0([])^64@(0)  363  661,Gxpi2:0Gxpi2:0Gxpi2:0,[],64,,Gxpi2:0Gxpi2:0Gxpi2:0,,5,1,64,-1,5,7,64,-1
Gxpi2:0Gxpi2:0Gxpi2:0([])^64Gxpi2:0@(0)  781  243,Gxpi2:0Gxpi2:0Gxpi2:0,[],64,Gxpi2:0,Gxpi2:0Gxpi2:0Gxpi2:0,Gxpi2:0,5,1,64,2,5,7,64,12
Gxpi2:0Gxpi2:0Gxpi2:0([])^64Gypi2:0@(0)  564  460,Gxpi2:0Gxpi2:0Gxpi2:0,[],64,Gypi2:0,Gxpi2:0Gxpi2:0Gxpi2:0,Gypi2:0,5,1,64,3,5,7,64,13
Gypi2:0Gypi2:0Gypi2:0([])^64Gxpi2:0@(0)  536  488,Gypi2:0Gypi2:0Gypi2:0,[],64,Gxpi2:0,Gypi2:0Gypi2:0Gypi2:0,Gxpi2:0,6,1,64,2,6,7,64,12
Gypi2:0Gypi2:0Gypi2:0([])^64Gxpi2:0Gxpi2:0@(0)  531  493,Gypi2:0Gypi2:0Gypi2:0,[],64,Gxpi2:0Gxpi2:0,Gypi2:0Gypi2:0Gypi2:0,Gxpi2:0Gxpi2:0,6,1,64,4,6,7,64,14
(Gxpi2:0)^64Gxpi2:0Gxpi2:0Gxpi2:0@(0)  486  538,,Gxpi2:0,64,Gxpi2:0Gxpi2:0Gxpi2:0,,Gxpi2:0Gxpi2:0Gxpi2:0,-1,2,64,5,-1,8,64,15
Gxpi2:0(Gxpi2:0)^64Gxpi2:0Gxpi2:0Gxpi2:0@(0)  826  198,Gxpi2:0,Gxpi2:0,64,Gxpi2:0Gxpi2:0Gxpi2:0,Gxpi2:0,Gxpi2:0Gxpi2:0Gxpi2:0,2,2,64,5,2,8,64,15
Gypi2:0Gypi2:0Gypi2:0(Gxpi2:0)^64Gypi2:0Gypi2:0Gypi2:0@(0)  242  782,Gypi2:0Gypi2:0Gypi2:0,Gxpi2:0,64,Gypi2:0Gypi2:0Gypi2:0,Gypi2:0Gypi2:0Gypi2:0,Gypi2:0Gypi2:0Gypi2:0,6,2,64,6,6,8,64,16
Gxpi2:0(Gypi2:0)^64Gxpi2:0Gxpi2:0Gxpi2:0@(0)  789  235,Gxpi2:0,Gypi2:0,64,Gxpi2:0Gxpi2:0Gxpi2:0,Gxpi2:0,Gxpi2:0Gxpi2:0Gxpi2:0,2,3,64,5,2,9,64,15
Gypi2:0(Gypi2:0)^64Gxpi2:0Gxpi2:0@(0)  472  552,Gypi2:0,Gypi2:0,64,Gxpi2:0Gxpi2:0,Gypi2:0,Gxpi2:0Gxpi2:0,3,3,64,4,3,9,64,14
Gypi2:0Gypi2:0Gypi2:0(Gypi2:0)^64Gypi2:0@(0)  834  190,Gypi2:0Gypi2:0Gypi2:0,Gypi2:0,64,Gypi2:0,Gypi2:0Gypi2:0Gypi2:0,Gypi2:0,6,3,64,3,6,9,64,13
Gxpi2:0(Gxpi2:0Gypi2:0)^32Gxpi2:0@(0)  552  472,Gxpi2:0,Gxpi2:0Gypi2:0,32,Gxpi2:0,Gxpi2:0,Gxpi2:0,2,4,32,2,2,10,32,12
Gxpi2:0(Gxpi2:0Gypi2:0)^32Gypi2:0Gypi2:0Gypi2:0@(0)  561  463,Gxpi2:0,Gxpi2:0Gypi2:0,32,Gypi2:0Gypi2:0Gypi2:0,Gxpi2:0,Gypi2:0Gypi2:0Gypi2:0,2,4,32,6,2,10,32,16
Gypi2:0(Gxpi2:0Gypi2:0)^32Gypi2:0Gypi2:0Gypi2:0@(0)  494  530,Gypi2:0,Gxpi2:0Gypi2:0,32,Gypi2:0Gypi2:0Gypi2:0,Gypi2:0,Gypi2:0Gypi2:0Gypi2:0,3,4,32,6,3,10,32,16
Gxpi2:0Gxpi2:0Gxpi2:0(Gxpi2:0Gypi2:0)^32Gypi2:0@(0)  536  488,Gxpi2:0Gxpi2:0Gxpi2:0,Gxpi2:0Gypi2:0,32,Gypi2:0,Gxpi2:0Gxpi2:0Gxpi2:0,Gypi2:0,5,4,32,3,5,10,32,13
Gxpi2:0Gxpi2:0Gxpi2:0(Gxpi2:0Gypi2:0)^32Gxpi2:0Gxpi2:0@(0)  851  173,Gxpi2:0Gxpi2:0Gxpi2:0,Gxpi2:0Gypi2:0,32,Gxpi2:0Gxpi2:0,Gxpi2:0Gxpi2:0Gxpi2:0,Gxpi2:0Gxpi2:0,5,4,32,4,5,10,32,14
(Gxpi2:0Gxpi2:0Gypi2:0)^21@(0)  525  499,,Gxpi2:0Gxpi2:0Gypi2:0,21,,,,-1,5,21,-1,-1,11,21,-1
Gxpi2:0(Gxpi2:0Gxpi2:0Gypi2:0)^21Gxpi2:0Gxpi2:0Gxpi2:0@(0)  229  795,Gxpi2:0,Gxpi2:0Gxpi2:0Gypi2:0,21,Gxpi2:0Gxpi2:0Gxpi2:0,Gxpi2:0,Gxpi2:0Gxpi2:0Gxpi2:0,2,5,21,5,2,11,21,15
Gypi2:0(Gxpi2:0Gxpi2:0Gypi2:0)^21Gxpi2:0Gxpi2:0@(0)  820  204,Gypi2:0,Gxpi2:0Gxpi2:0Gypi2:0,21,Gxpi2:0Gxpi2:0,Gypi2:0,Gxpi2:0Gxpi2:0,3,5,21,4,3,11,21,14
Gxpi2:0Gxpi2:0Gxpi2:0(Gxpi2:0Gxpi2:0Gypi2:0)^21Gypi2:0@(0)  548  476,Gxpi2:0Gxpi2:0Gxpi2:0,Gxpi2:0Gxpi2:0Gypi2:0,21,Gypi2:0,Gxpi2:0Gxpi2:0Gxpi2:0,Gypi2:0,5,5,21,3,5,11,21,13
Gypi2:0Gypi2:0Gypi2:0(Gxpi2:0Gxpi2:0Gypi2:0)^21Gxpi2:0Gxpi2:0Gxpi2:0@(0)  504  520,Gypi2:0Gypi2:0Gypi2:0,Gxpi2:0Gxpi2:0Gypi2:0,21,Gxpi2:0Gxpi2:0Gxpi2:0,Gypi2:0Gypi2:0Gypi2:0,Gxpi2:0Gxpi2:0Gxpi2:0,6,5,21,5,6,11,21,15
([])^128Gxpi2:0@(0)  817  207,,[],128,Gxpi2:0,,Gxpi2:0,-1,1,128,2,-1,7,128,12
([])^128Gypi2:0@(0)  554  470,,[],128,Gypi2:0,,Gypi2:0,-1,1,128,3,-1,7,128,13
([])^128Gxpi2:0Gxpi2:0@(0)  581  443,,[],128,Gxpi2:0Gxpi2:0,,Gxpi2:0Gxpi2:0,-1,1,128,4,-1,7,128,14
Gypi2:0([])^128Gypi2:0@(0)  257  767,Gypi2:0,[],128,Gypi2:0,Gypi2:0,Gypi2:0,3,1,128,3,3,7,128,13
Gxpi2:0Gxpi2:0Gxpi2:0([])^128@(0)  297  727,Gxpi2:0Gxpi2:0Gxpi2:0,[],128,,Gxpi2:0Gxpi2:0Gxpi2:0,,5,1,128,-1,5,7,128,-1
Gxpi2:0Gxpi2:0Gxpi2:0([])^128Gxpi2:0@(0)  486  538,Gxpi2:0Gxpi2:0Gxpi2:0,[],128,Gxpi2:0,Gxpi2:0Gxpi2:0Gxpi2:0,Gxpi2:0,5,1,128,2,5,7,128,12
Gxpi2:0Gxpi2:0Gxpi2:0([])^128Gypi2:0@(0)  594  430,Gxpi2:0Gxpi2:0Gxpi2:0,[],128,Gypi2:0,Gxpi2:0Gxpi2:0Gxpi2:0,Gypi2:0,5,1,128,3,5,7,128,13
Gypi2:0Gypi2:0Gypi2:0([])^128Gxpi2:0@(0)  545  479,Gypi2:0Gypi2:0Gypi2:0,[],128,Gxpi2:0,Gypi2:0Gypi2:0Gypi2:0,Gxpi2:0,6,1,128,2,6,7,128,12
Gypi2:0Gypi2:0Gypi2:0([])^128Gxpi2:0Gxpi2:0@(0)  554  470,Gypi2:0Gypi2:0Gypi2:0,[],128,Gxpi2:0Gxpi2:0,Gypi2:0Gypi2:0Gypi2:0,Gxpi2:0Gxpi2:0,6,1,128,4,6,7,128,14
(Gxpi2:0)^128Gxpi2:0Gxpi2:0Gxpi2:0@(0)  417  607,,Gxpi2:0,128,Gxpi2:0Gxpi2:0Gxpi2:0,,Gxpi2:0Gxpi2:0Gxpi2:0,-1,2,128,5,-1,8,128,15
Gxpi2:0(Gxpi2:0)^128Gxpi2:0Gxpi2:0Gxpi2:0@(0)  786  238,Gxpi2:0,Gxpi2:0,128,Gxpi2:0Gxpi2:0Gxpi2:0,Gxpi2:0,Gxpi2:0Gxpi2:0Gxpi2:0,2,2,128,5,2,8,128,15
Gypi2:0Gypi2:0Gypi2:0(Gxpi2:0)^128Gypi2:0Gypi2:0Gypi2:0@(0)  248  776,Gypi2:0Gypi2:0Gypi2:0,Gxpi2:0,128,Gypi2:0Gypi2:0Gypi2:0,Gypi2:0Gypi2:0Gypi2:0,Gypi2:0Gypi2:0Gypi2:0,6,2,128,6,6,8,128,16
Gxpi2:0(Gypi2:0)^128Gxpi2:0Gxpi2:0Gxpi2:0@(0)  836  188,Gxpi2:0,Gypi2:0,128,Gxpi2:0Gxpi2:0Gxpi2:0,Gxpi2:0,Gxpi2:0Gxpi2:0Gxpi2:0,2,3,128,5,2,9,128,15
Gypi2:0(Gypi2:0)^128Gxpi2:0Gxpi2:0@(0)  476  548,Gypi2:0,Gypi2:0,128,Gxpi2:0Gxpi2:0,Gypi2:0,Gxpi2:0Gxpi2:0,3,3,128,4,3,9,128,14
Gypi2:0Gypi2:0Gypi2:0(Gypi2:0)^128Gypi2:0@(0)  811  213,Gypi2:0Gypi2:0Gypi2:0,Gypi2:0,128,Gypi2:0,Gypi2:0Gypi2:0Gypi2:0,Gypi2:0,6,3,128,3,6,9,128,13
Gxpi2:0(Gxpi2:0Gypi2:0)^64Gxpi2:0@(0)  553  471,Gxpi2:0,Gxpi2:0Gypi2:0,64,Gxpi2:0,Gxpi2:0,Gxpi2:0,2,4,64,2,2,10,64,12
Gxpi2:0(Gxpi2:0Gypi2:0)^64Gypi2:0Gypi2:0Gypi2:0@(0)  247  777,Gxpi2:0,Gxpi2:0Gypi2:0,64,Gypi2:0Gypi2:0Gypi2:0,Gxpi2:0,Gypi2:0Gypi2:0Gypi2:0,2,4,64,6,2,10,64,16
Gypi2:0(Gxpi2:0Gypi2:0)^64Gypi2:0Gypi2:0Gypi2:0@(0)  543  481,Gypi2:0,Gxpi2:0Gypi2:0,64,Gypi2:0Gypi2:0Gypi2:0,Gypi2:0,Gypi2:0Gypi2:0Gypi2:0,3,4,64,6,3,10,64,16
Gxpi2:0Gxpi2:0Gxpi2:0(Gxpi2:0Gypi2:0)^64Gypi2:0@(0)  254  770,Gxpi2:0Gxpi2:0Gxpi2:0,Gxpi2:0Gypi2:0,64,Gypi2:0,Gxpi2:0Gxpi2:0Gxpi2:0,Gypi2:0,5,4,64,3,5,10,64,13
Gxpi2:0Gxpi2:0Gxpi2:0(Gxpi2:0Gypi2:0)^64Gxpi2:0Gxpi2:0@(0)  530  494,Gxpi2:0Gxpi2:0Gxpi2:0,Gxpi2:0Gypi2:0,64,Gxpi2:0Gxpi2:0,Gxpi2:0Gxpi2:0Gxpi2:0,Gxpi2:0Gxpi2:0,5,4,64,4,5,10,64,14
(Gxpi2:0Gxpi2:0Gypi2:0)^42@(0)  859  165,,Gxpi2:0Gxpi2:0Gypi2:0,42,,,,-1,5,42,-1,-1,11,42,-1
Gxpi2:0(Gxpi2:0Gxpi2:0Gypi2:0)^42Gxpi2:0Gxpi2:0Gxpi2:0@(0)  864  160,Gxpi2:0,Gxpi2:0Gxpi2:0Gypi2:0,42,Gxpi2:0Gxpi2:0Gxpi2:0,Gxpi2:0,Gxpi2:0Gxpi2:0Gxpi2:0,2,5,42,5,2,11,42,15
Gypi2:0(Gxpi2:0Gxpi2:0Gypi2:0)^42Gxpi2:0Gxpi2:0@(0)  545  479,Gypi2:0,Gxpi2:0Gxpi2:0Gypi2:0,42,Gxpi2:0Gxpi2:0,Gypi2:0,Gxpi2:0Gxpi2:0,3,5,42,4,3,11,42,14
Gxpi2:0Gxpi2:0Gxpi2:0(Gxpi2:0Gxpi2:0Gypi2:0)^42Gypi2:0@(0)  581  443,Gxpi2:0Gxpi2:0Gxpi2:0,Gxpi2:0Gxpi2:0Gypi2:0,42,Gypi2:0,Gxpi2:0Gxpi2:0Gxpi2:0,Gypi2:0,5,5,42,3,5,11,42,13
Gypi2:0Gypi2:0Gypi2:0(Gxpi2:0Gxpi2:0Gypi2:0)^42Gxpi2:0Gxpi2:0Gxpi2:0@(0)  564  460,Gypi2:0Gypi2:0Gypi2:0,Gxpi2:0Gxpi2:0Gypi2:0,42,Gxpi2:0Gxpi2:0Gxpi2:0,Gypi2:0Gypi2:0Gypi2:0,Gxpi2:0Gxpi2:0Gxpi2:0,6,5,42,5,6,11,42,15
([])^256Gxpi2:0@(0)  588  436,,[],256,Gxpi2:0,,Gxpi2:0,-1,1,256,2,-1,7,256,12
([])^256Gypi2:0@(0)  553  471,,[],256,Gypi2:0,,Gypi2:0,-1,1,256,3,-1,7,256,13
([])^256Gxpi2:0Gxpi2:0@(0)  798  226,,[],256,Gxpi2:0Gxpi2:0,,Gxpi2:0Gxpi2:0,-1,1,256,4,-1,7,256,14
Gypi2:0([])^256Gypi2:0@(0)  253  771,Gypi2:0,[],256,Gypi2:0,Gypi2:0,Gypi2:0,3,1,256,3,3,7,256,13
Gxpi2:0Gxpi2:0Gxpi2:0([])^256@(0)  500  524,Gxpi2:0Gxpi2:0Gxpi2:0,[],256,,Gxpi2:0Gxpi2:0Gxpi2:0,,5,1,256,-1,5,7,256,-1
Gxpi2:0Gxpi2:0Gxpi2:0([])^256Gxpi2:0@(0)  325  699,Gxpi2:0Gxpi2:0Gxpi2:0,[],256,Gxpi2:0,Gxpi2:0Gxpi2:0Gxpi2:0,Gxpi2:0,5,1,256,2,5,7,256,12
Gxpi2:0Gxpi2:0Gxpi2:0([])^256Gypi2:0@(0)  566  458,Gxpi2:0Gxpi2:0Gxpi2:0,[],256,Gypi2:0,Gxpi2:0Gxpi2:0Gxpi2:0,Gypi2:0,5,1,256,3,5,7,256,13
Gypi2:0Gypi2:0Gypi2:0([])^256Gxpi2:0@(0)  559  465,Gypi2:0Gypi2:0Gypi2:0,[],256,Gxpi2:0,Gypi2:0Gypi2:0Gypi2:0,Gxpi2:0,6,1,256,2,6,7,256,12
Gypi2:0Gypi2:0Gypi2:0([])^256Gxpi2:0Gxpi2:0@(0)  566  458,Gypi2:0Gypi2:0Gypi2:0,[],256,Gxpi2:0Gxpi2:0,Gypi2:0Gypi2:0Gypi2:0,Gxpi2:0Gxpi2:0,6,1,256,4,6,7,256,14
(Gxpi2:0)^256Gxpi2:0Gxpi2:0Gxpi2:0@(0)  378  646,,Gxpi2:0,256,Gxpi2:0Gxpi2:0Gxpi2:0,,Gxpi2:0Gxpi2:0Gxpi2:0,-1,2,256,5,-1,8,256,15
Gxpi2:0(Gxpi2:0)^256Gxpi2:0Gxpi2:0Gxpi2:0@(0)  781  243,Gxpi2:0,Gxpi2:0,256,Gxpi2:0Gxpi2:0Gxpi2:0,Gxpi2:0,Gxpi2:0Gxpi2:0Gxpi2:0,2,2,256,5,2,8,256,15
Gypi2:0Gypi2:0Gypi2:0(Gxpi2:0)^256Gypi2:0Gypi2:0Gypi2:0@(0)  232  792,Gypi2:0Gypi2:0Gypi2:0,Gxpi2:0,256,Gypi2:0Gypi2:0Gypi2:0,Gypi2:0Gypi2:0Gypi2:0,Gypi2:0Gypi2:0Gypi2:0,6,2,256,6,6,8,256,16
Gxpi2:0(Gypi2:0)^256Gxpi2:0Gxpi2:0Gxpi2:0@(0)  820  204,Gxpi2:0,Gypi2:0,256,Gxpi2:0Gxpi2:0Gxpi2:0,Gxpi2:0,Gxpi2:0Gxpi2:0Gxpi2:0,2,3,256,5,2,9,256,15
Gypi2:0(Gypi2:0)^256Gxpi2:0Gxpi2:0@(0)  364  660,Gypi2:0,Gypi2:0,256,Gxpi2:0Gxpi2:0,Gypi2:0,Gxpi2:0Gxpi2:0,3,3,256,4,3,9,256,14
Gypi2:0Gypi2:0Gypi2:0(Gypi2:0)^256Gypi2:0@(0)  787  237,Gypi2:0Gypi2:0Gypi2:0,Gypi2:0,256,Gypi2:0,Gypi2:0Gypi2:0Gypi2:0,Gypi2:0,6,3,256,3,6,9,256,13
Gxpi2:0(Gxpi2:0Gypi2:0)^128Gxpi2:0@(0)  581  443,Gxpi2:0,Gxpi2:0Gypi2:0,128,Gxpi2:0,Gxpi2:0,Gxpi2:0,2,4,128,2,2,10,128,12
Gxpi2:0(Gxpi2:0Gypi2:0)^128Gypi2:0Gypi2:0Gypi2:0@(0)  486  538,Gxpi2:0,Gxpi2:0Gypi2:0,128,Gypi2:0Gypi2:0Gypi2:0,Gxpi2:0,Gypi2:0Gypi2:0Gypi2:0,2,4,128,6,2,10,128,16
Gypi2:0(Gxpi2:0Gypi2:0)^128Gypi2:0Gypi2:0Gypi2:0@(0)  503  521,Gypi2:0,Gxpi2:0Gypi2:0,128,Gypi2:0Gypi2:0Gypi2:0,Gypi2:0,Gypi2:0Gypi2:0Gypi2:0,3,4,128,6,3,10,128,16
Gxpi2:0Gxpi2:0Gxpi2:0(Gxpi2:0Gypi2:0)^128Gypi2:0@(0)  494  530,Gxpi2:0Gxpi2:0Gxpi2:0,Gxpi2:0Gypi2:0,128,Gypi2:0,Gxpi2:0Gxpi2:0Gxpi2:0,Gypi2:0,5,4,128,3,5,10,128,13
Gxpi2:0Gxpi2:0Gxpi2:0(Gxpi2:0Gypi2:0)^128Gxpi2:0Gxpi2:0@(0)  838  186,Gxpi2:0Gxpi2:0Gxpi2:0,Gxpi2:0Gypi2:0,128,Gxpi2:0Gxpi2:0,Gxpi2:0Gxpi2:0Gxpi2:0,Gxpi2:0Gxpi2:0,5,4,128,4,5,10,128,14
(Gxpi2:0Gxpi2:0Gypi2:0)^85@(0)  556  468,,Gxpi2:0Gxpi2:0Gypi2:0,85,,,,-1,5,85,-1,-1,11,85,-1
Gxpi2:0(Gxpi2:0Gxpi2:0Gypi2:0)^85Gxpi2:0Gxpi2:0Gxpi2:0@(0)  266  758,Gxpi2:0,Gxpi2:0Gxpi2:0Gypi2:0,85,Gxpi2:0Gxpi2:0Gxpi2:0,Gxpi2:0,Gxpi2:0Gxpi2:0Gxpi2:0,2,5,85,5,2,11,85,15
Gypi2:0(Gxpi2:0Gxpi2:0Gypi2:0)^85Gxpi2:0Gxpi2:0@(0)  809  215,Gypi2:0,Gxpi2:0Gxpi2:0Gypi2:0,85,Gxpi2:0Gxpi2:0,Gypi2:0,Gxpi2:0Gxpi2:0,3,5,85,4,3,11,85,14
Gxpi2:0Gxpi2:0Gxpi2:0(Gxpi2:0Gxpi2:0Gypi2:0)^85Gypi2:0@(0)  494  530,Gxpi2:0Gxpi2:0Gxpi2:0,Gxpi2:0Gxpi2:0Gypi2:0,85,Gypi2:0,Gxpi2:0Gxpi2:0Gxpi2:0,Gypi2:0,5,5,85,3,5,11,85,13
Gypi2:0Gypi2:0Gypi2:0(Gxpi2:0Gxpi2:0Gypi2:0)^85Gxpi2:0Gxpi2:0Gxpi2:0@(0)  517  507,Gypi2:0Gypi2:0Gypi2:0,Gxpi2:0Gxpi2:0Gypi2:0,85,Gxpi2:0Gxpi2:0Gxpi2:0,Gypi2:0Gypi2:0Gypi2:0,Gxpi2:0Gxpi2:0Gxpi2:0,6,5,85,5,6,11,85,15
([])^512Gxpi2:0@(0)  452  572,,[],512,Gxpi2:0,,Gxpi2:0,-1,1,512,2,-1,7,512,12
([])^512Gypi2:0@(0)  533  491,,[],512,Gypi2:0,,Gypi2:0,-1,1,512,3,-1,7,512,13
([])^512Gxpi2:0Gxpi2:0@(0)  440  584,,[],512,Gxpi2:0Gxpi2:0,,Gxpi2:0Gxpi2:0,-1,1,512,4,-1,7,512,14
Gypi2:0([])^512Gypi2:0@(0)  312  712,Gypi2:0,[],512,Gypi2:0,Gypi2:0,Gypi2:0,3,1,512,3,3,7,512,13
Gxpi2:0Gxpi2:0Gxpi2:0([])^512@(0)  640  384,Gxpi2:0Gxpi2:0Gxpi2:0,[],512,,Gxpi2:0Gxpi2:0Gxpi2:0,,5,1,512,-1,5,7,512,-1
Gxpi2:0Gxpi2:0Gxpi2:0([])^512Gxpi2:0@(0)  672  352,Gxpi2:0Gxpi2:0Gxpi2:0,[],512,Gxpi2:0,Gxpi2:0Gxpi2:0Gxpi2:0,Gxpi2:0,5,1,512,2,5,7,512,12
Gxpi2:0Gxpi2:0Gxpi2:0([])^512Gypi2:0@(0)  551  473,Gxpi2:0Gxpi2:0Gxpi2:0,[],512,Gypi2:0,Gxpi2:0Gxpi2:0Gxpi2:0,Gypi2:0,5,1,512,3,5,7,512,13
Gypi2:0Gypi2:0Gypi2:0([])^512Gxpi2:0@(0)  557  467,Gypi2:0Gypi2:0Gypi2:0,[],512,Gxpi2:0,Gypi2:0Gypi2:0Gypi2:0,Gxpi2:0,6,1,512,2,6,7,512,12
Gypi2:0Gypi2:0Gypi2:0([])^512Gxpi2:0Gxpi2:0@(0)  565  459,Gypi2:0Gypi2:0Gypi2:0,[],512,Gxpi2:0Gxpi2:0,Gypi2:0Gypi2:0Gypi2:0,Gxpi2:0Gxpi2:0,6,1,512,4,6,7,512,14
(Gxpi2:0)^512Gxpi2:0Gxpi2:0Gxpi2:0@(0)  306  718,,Gxpi2:0,512,Gxpi2:0Gxpi2:0Gxpi2:0,,Gxpi2:0Gxpi2:0Gxpi2:0,-1,2,512,5,-1,8,512,15
Gxpi2:0(Gxpi2:0)^512Gxpi2:0Gxpi2:0Gxpi2:0@(0)  637  387,Gxpi2:0,Gxpi2:0,512,Gxpi2:0Gxpi2:0Gxpi2:0,Gxpi2:0,Gxpi2:0Gxpi2:0Gxpi2:0,2,2,512,5,2,8,512,15
Gypi2:0Gypi2:0Gypi2:0(Gxpi2:0)^512Gypi2:0Gypi2:0Gypi2:0@(0)  284  740,Gypi2:0Gypi2:0Gypi2:0,Gxpi2:0,512,Gypi2:0Gypi2:0Gypi2:0,Gypi2:0Gypi2:0Gypi2:0,Gypi2:0Gypi2:0Gypi2:0,6,2,512,6,6,8,512,16
Gxpi2:0(Gypi2:0)^512Gxpi2:0Gxpi2:0Gxpi2:0@(0)  821  203,Gxpi2:0,Gypi2:0,512,Gxpi2:0Gxpi2:0Gxpi2:0,Gxpi2:0,Gxpi2:0Gxpi2:0Gxpi2:0,2,3,512,5,2,9,512,15
Gypi2:0(Gypi2:0)^512Gxpi2:0Gxpi2:0@(0)  293  731,Gypi2:0,Gypi2:0,512,Gxpi2:0Gxpi2:0,Gypi2:0,Gxpi2:0Gxpi2:0,3,3,512,4,3,9,512,14
Gypi2:0Gypi2:0Gypi2:0(Gypi2:0)^512Gypi2:0@(0)  604  420,Gypi2:0Gypi2:0Gypi2:0,Gypi2:0,512,Gypi2:0,Gypi2:0Gypi2:0Gypi2:0,Gypi2:0,6,3,512,3,6,9,512,13
Gxpi2:0(Gxpi2:0Gypi2:0)^256Gxpi2:0@(0)  441  583,Gxpi2:0,Gxpi2:0Gypi2:0,256,Gxpi2:0,Gxpi2:0,Gxpi2:0,2,4,256,2,2,10,256,12
Gxpi2:0(Gxpi2:0Gypi2:0)^256Gypi2:0Gypi2:0Gypi2:0@(0)  323  701,Gxpi2:0,Gxpi2:0Gypi2:0,256,Gypi2:0Gypi2:0Gypi2:0,Gxpi2:0,Gypi2:0Gypi2:0Gypi2:0,2,4,256,6,2,10,256,16
Gypi2:0(Gxpi2:0Gypi2:0)^256Gypi2:0Gypi2:0Gypi2:0@(0)  659  365,Gypi2:0,Gxpi2:0Gypi2:0,256,Gypi2:0Gypi2:0Gypi2:0,Gypi2:0,Gypi2:0Gypi2:0Gypi2:0,3,4,256,6,3,10,256,16
Gxpi2:0Gxpi2:0Gxpi2:0(Gxpi2:0Gypi2:0)^256Gypi2:0@(0)  294  730,Gxpi2:0Gxpi2:0Gxpi2:0,Gxpi2:0Gypi2:0,256,Gypi2:0,Gxpi2:0Gxpi2:0Gxpi2:0,Gypi2:0,5,4,256,3,5,10,256,13
Gxpi2:0Gxpi2:0Gxpi2:0(Gxpi2:0Gypi2:0)^256Gxpi2:0Gxpi2:0@(0)  487  537,Gxpi2:0Gxpi2:0Gxpi2:0,Gxpi2:0Gypi2:0,256,Gxpi2:0Gxpi2:0,Gxpi2:0Gxpi2:0Gxpi2:0,Gxpi2:0Gxpi2:0,5,4,256,4,5,10,256,14
(Gxpi2:0Gxpi2:0Gypi2:0)^170@(0)  817  207,,Gxpi2:0Gxpi2:0Gypi2:0,170,,,,-1,5,170,-1,-1,11,170,-1
Gxpi2:0(Gxpi2:0Gxpi2:0Gypi2:0)^170Gxpi2:0Gxpi2:0Gxpi2:0@(0)  812  212,Gxpi2:0,Gxpi2:0Gxpi2:0Gypi2:0,170,Gxpi2:0Gxpi2:0Gxpi2:0,Gxpi2:0,Gxpi2:0Gxpi2:0Gxpi2:0,2,5,170,5,2,11,170,15
Gypi2:0(Gxpi2:0Gxpi2:0Gypi2:0)^170Gxpi2:0Gxpi2:0@(0)  557  467,Gypi2:0,Gxpi2:0Gxpi2:0Gypi2:0,170,Gxpi2:0Gxpi2:0,Gypi2:0,Gxpi2:0Gxpi2:0,3,5,170,4,3,11,170,14
Gxpi2:0Gxpi2:0Gxpi2:0(Gxpi2:0Gxpi2:0Gypi2:0)^170Gypi2:0@(0)  653  371,Gxpi2:0Gxpi2:0Gxpi2:0,Gxpi2:0Gxpi2:0Gypi2:0,170,Gypi2:0,Gxpi2:0Gxpi2:0Gxpi2:0,Gypi2:0,5,5,170,3,5,11,170,13
Gypi2:0Gypi2:0Gypi2:0(Gxpi2:0Gxpi2:0Gypi2:0)^170Gxpi2:0Gxpi2:0Gxpi2:0@(0)  671  353,Gypi2:0Gypi2:0Gypi2:0,Gxpi2:0Gxpi2:0Gypi2:0,170,Gxpi2:0Gxpi2:0Gxpi2:0,Gypi2:0Gypi2:0Gypi2:0,Gxpi2:0Gxpi2:0Gxpi2:0,6,5,170,5,6,11,170,15
([])^1024Gxpi2:0@(0)  529  495,,[],1024,Gxpi2:0,,Gxpi2:0,-1,1,1024,2,-1,7,1024,12
([])^1024Gypi2:0@(0)  580  444,,[],1024,Gypi2:0,,Gypi2:0,-1,1,1024,3,-1,7,1024,13
([])^1024Gxpi2:0Gxpi2:0@(0)  565  459,,[],1024,Gxpi2:0Gxpi2:0,,Gxpi2:0Gxpi2:0,-1,1,1024,4,-1,7,1024,14
Gypi2:0([])^1024Gypi2:0@(0)  346  678,Gypi2:0,[],1024,Gypi2:0,Gypi2:0,Gypi2:0,3,1,1024,3,3,7,1024,13
Gxpi2:0Gxpi2:0Gxpi2:0([])^1024@(0)  591  433,Gxpi2:0Gxpi2:0Gxpi2:0,[],1024,,Gxpi2:0Gxpi2:0Gxpi2:0,,5,1,1024,-1,5,7,1024,-1
Gxpi2:0Gxpi2:0Gxpi2:0([])^1024Gxpi2:0@(0)  556  468,Gxpi2:0Gxpi2:0Gxpi2:0,[],1024,Gxpi2:0,Gxpi2:0Gxpi2:0Gxpi2:0,Gxpi2:0,5,1,1024,2,5,7,1024,12
Gxpi2:0Gxpi2:0Gxpi2:0([])^1024Gypi2:0@(0)  554  470,Gxpi2:0Gxpi2:0Gxpi2:0,[],1024,Gypi2:0,Gxpi2:0Gxpi2:0Gxpi2:0,Gypi2:0,5,1,1024,3,5,7,1024,13
Gypi2:0Gypi2:0Gypi2:0([])^1024Gxpi2:0@(0)  564  460,Gypi2:0Gypi2:0Gypi2:0,[],1024,Gxpi2:0,Gypi2:0Gypi2:0Gypi2:0,Gxpi2:0,6,1,1024,2,6,7,1024,12
Gypi2:0Gypi2:0Gypi2:0([])^1024Gxpi2:0Gxpi2:0@(0)  567  457,Gypi2:0Gypi2:0Gypi2:0,[],1024,Gxpi2:0Gxpi2:0,Gypi2:0Gypi2:0Gypi2:0,Gxpi2:0Gxpi2:0,6,1,1024,4,6,7,1024,14
(Gxpi2:0)^1024Gxpi2:0Gxpi2:0Gxpi2:0@(0)  400  624,,Gxpi2:0,1024,Gxpi2:0Gxpi2:0Gxpi2:0,,Gxpi2:0Gxpi2:0Gxpi2:0,-1,2,1024,5,-1,8,1024,15
Gxpi2:0(Gxpi2:0)^1024Gxpi2:0Gxpi2:0Gxpi2:0@(0)  437  587,Gxpi2:0,Gxpi2:0,1024,Gxpi2:0Gxpi2:0Gxpi2:0,Gxpi2:0,Gxpi2:0Gxpi2:0Gxpi2:0,2,2,1024,5,2,8,1024,15
Gypi2:0Gypi2:0Gypi2:0(Gxpi2:0)^1024Gypi2:0Gypi2:0Gypi2:0@(0)  301  723,Gypi2:0Gypi2:0Gypi2:0,Gxpi2:0,1024,Gypi2:0Gypi2:0Gypi2:0,Gypi2:0Gypi2:0Gypi2:0,Gypi2:0Gypi2:0Gypi2:0,6,2,1024,6,6,8,1024,16
Gxpi2:0(Gypi2:0)^1024Gxpi2:0Gxpi2:0Gxpi2:0@(0)  807  217,Gxpi2:0,Gypi2:0,1024,Gxpi2:0Gxpi2:0Gxpi2:0,Gxpi2:0,Gxpi2:0Gxpi2:0Gxpi2:0,2,3,1024,5,2,9,1024,15
Gypi2:0(Gypi2:0)^1024Gxpi2:0Gxpi2:0@(0)  364  660,Gypi2:0,Gypi2:0,1024,Gxpi2:0Gxpi2:0,Gypi2:0,Gxpi2:0Gxpi2:0,3,3,1024,4,3,9,1024,14
Gypi2:0Gypi2:0Gypi2:0(Gypi2:0)^1024Gypi2:0@(0)  428  596,Gypi2:0Gypi2:0Gypi2:0,Gypi2:0,1024,Gypi2:0,Gypi2:0Gypi2:0Gypi2:0,Gypi2:0,6,3,1024,3,6,9,1024,13
Gxpi2:0(Gxpi2:0Gypi2:0)^512Gxpi2:0@(0)  637  387,Gxpi2:0,Gxpi2:0Gypi2:0,512,Gxpi2:0,Gxpi2:0,Gxpi2:0,2,4,512,2,2,10,512,12
Gxpi2:0(Gxpi2:0Gypi2:0)^512Gypi2:0Gypi2:0Gypi2:0@(0)  357  667,Gxpi2:0,Gxpi2:0Gypi2:0,512,Gypi2:0Gypi2:0Gypi2:0,Gxpi2:0,Gypi2:0Gypi2:0Gypi2:0,2,4,512,6,2,10,512,16
Gypi2:0(Gxpi2:0Gypi2:0)^512Gypi2:0Gypi2:0Gypi2:0@(0)  510  514,Gypi2:0,Gxpi2:0Gypi2:0,512,Gypi2:0Gypi2:0Gypi2:0,Gypi2:0,Gypi2:0Gypi2:0Gypi2:0,3,4,512,6,3,10,512,16
Gxpi2:0Gxpi2:0Gxpi2:0(Gxpi2:0Gypi2:0)^512Gypi2:0@(0)  351  673,Gxpi2:0Gxpi2:0Gxpi2:0,Gxpi2:0Gypi2:0,512,Gypi2:0,Gxpi2:0Gxpi2:0Gxpi2:0,Gypi2:0,5,4,512,3,5,10,512,13
Gxpi2:0Gxpi2:0Gxpi2:0(Gxpi2:0Gypi2:0)^512Gxpi2:0Gxpi2:0@(0)  687  337,Gxpi2:0Gxpi2:0Gxpi2:0,Gxpi2:0Gypi2:0,512,Gxpi2:0Gxpi2:0,Gxpi2:0Gxpi2:0Gxpi2:0,Gxpi2:0Gxpi2:0,5,4,512,4,5,10,512,14
(Gxpi2:0Gxpi2:0Gypi2:0)^341@(0)  572  452,,Gxpi2:0Gxpi2:0Gypi2:0,341,,,,-1,5,341,-1,-1,11,341,-1
Gxpi2:0(Gxpi2:0Gxpi2:0Gypi2:0)^341Gxpi2:0Gxpi2:0Gxpi2:0@(0)  384  640,Gxpi2:0,Gxpi2:0Gxpi2:0Gypi2:0,341,Gxpi2:0Gxpi2:0Gxpi2:0,Gxpi2:0,Gxpi2:0Gxpi2:0Gxpi2:0,2,5,341,5,2,11,341,15
Gypi2:0(Gxpi2:0Gxpi2:0Gypi2:0)^341Gxpi2:0Gxpi2:0@(0)  780  244,Gypi2:0,Gxpi2:0Gxpi2:0Gypi2:0,341,Gxpi2:0Gxpi2:0,Gypi2:0,Gxpi2:0Gxpi2:0,3,5,341,4,3,11,341,14
Gxpi2:0Gxpi2:0Gxpi2:0(Gxpi2:0Gxpi2:0Gypi2:0)^341Gypi2:0@(0)  405  619,Gxpi2:0Gxpi2:0Gxpi2:0,Gxpi2:0Gxpi2:0Gypi2:0,341,Gypi2:0,Gxpi2:0Gxpi2:0Gxpi2:0,Gypi2:0,5,5,341,3,5,11,341,13
Gypi2:0Gypi2:0Gypi2:0(Gxpi2:0Gxpi2:0Gypi2:0)^341Gxpi2:0Gxpi2:0Gxpi2:0@(0)  423  601,Gypi2:0Gypi2:0Gypi2:0,Gxpi2:0Gxpi2:0Gypi2:0,341,Gxpi2:0Gxpi2:0Gxpi2:0,Gypi2:0Gypi2:0Gypi2:0,Gxpi2:0Gxpi2:0Gxpi2:0,6,5,341,5,6,11,341,15
([])^2048Gxpi2:0@(0)  536  488,,[],2048,Gxpi2:0,,Gxpi2:0,-1,1,2048,2,-1,7,2048,12
([])^2048Gypi2:0@(0)  550  474,,[],2048,Gypi2:0,,Gypi2:0,-1,1,2048,3,-1,7,2048,13
([])^2048Gxpi2:0Gxpi2:0@(0)  557  467,,[],2048,Gxpi2:0Gxpi2:0,,Gxpi2:0Gxpi2:0,-1,1,2048,4,-1,7,2048,14
Gypi2:0([])^2048Gypi2:0@(0)  426  598,Gypi2:0,[],2048,Gypi2:0,Gypi2:0,Gypi2:0,3,1,2048,3,3,7,2048,13
Gxpi2:0Gxpi2:0Gxpi2:0([])^2048@(0)  596  428,Gxpi2:0Gxpi2:0Gxpi2:0,[],2048,,Gxpi2:0Gxpi2:0Gxpi2:0,,5,1,2048,-1,5,7,2048,-1
Gxpi2:0Gxpi2:0Gxpi2:0([])^2048Gxpi2:0@(0)  588  436,Gxpi2:0Gxpi2:0Gxpi2:0,[],2048,Gxpi2:0,Gxpi2:0Gxpi2:0Gxpi2:0,Gxpi2:0,5,1,2048,2,5,7,2048,12
Gxpi2:0Gxpi2:0Gxpi2:0([])^2048Gypi2:0@(0)  578  446,Gxpi2:0Gxpi2:0Gxpi2:0,[],2048,Gypi2:0,Gxpi2:0Gxpi2:0Gxpi2:0,Gypi2:0,5,1,2048,3,5,7,2048,13
Gypi2:0Gypi2:0Gypi2:0([])^2048Gxpi2:0@(0)  587  437,Gypi2:0Gypi2:0Gypi2:0,[],2048,Gxpi2:0,Gypi2:0Gypi2:0Gypi2:0,Gxpi2:0,6,1,2048,2,6,7,2048,12
Gypi2:0Gypi2:0Gypi2:0([])^2048Gxpi2:0Gxpi2:0@(0)  596  428,Gypi2:0Gypi2:0Gypi2:0,[],2048,Gxpi2:0Gxpi2:0,Gypi2:0Gypi2:0Gypi2:0,Gxpi2:0Gxpi2:0,6,1,2048,4,6,7,2048,14
(Gxpi2:0)^2048Gxpi2:0Gxpi2:0Gxpi2:0@(0)  755  269,,Gxpi2:0,2048,Gxpi2:0Gxpi2:0Gxpi2:0,,Gxpi2:0Gxpi2:0Gxpi2:0,-1,2,2048,5,-1,8,2048,15
Gxpi2:0(Gxpi2:0)^2048Gxpi2:0Gxpi2:0Gxpi2:0@(0)  554  470,Gxpi2:0,Gxpi2:0,2048,Gxpi2:0Gxpi2:0Gxpi2:0,Gxpi2:0,Gxpi2:0Gxpi2:0Gxpi2:0,2,2,2048,5,2,8,2048,15
Gypi2:0Gypi2:0Gypi2:0(Gxpi2:0)^2048Gypi2:0Gypi2:0Gypi2:0@(0)  345  679,Gypi2:0Gypi2:0Gypi2:0,Gxpi2:0,2048,Gypi2:0Gypi2:0Gypi2:0,Gypi2:0Gypi2:0Gypi2:0,Gypi2:0Gypi2:0Gypi2:0,6,2,2048,6,6,8,2048,16
Gxpi2:0(Gypi2:0)^2048Gxpi2:0Gxpi2:0Gxpi2:0@(0)  806  218,Gxpi2:0,Gypi2:0,2048,Gxpi2:0Gxpi2:0Gxpi2:0,Gxpi2:0,Gxpi2:0Gxpi2:0Gxpi2:0,2,3,2048,5,2,9,2048,15
Gypi2:0(Gypi2:0)^2048Gxpi2:0Gxpi2:0@(0)  777  247,Gypi2:0,Gypi2:0,2048,Gxpi2:0Gxpi2:0,Gypi2:0,Gxpi2:0Gxpi2:0,3,3,2048,4,3,9,2048,14
Gypi2:0Gypi2:0Gypi2:0(Gypi2:0)^2048Gypi2:0@(0)  570  454,Gypi2:0Gypi2:0Gypi2:0,Gypi2:0,2048,Gypi2:0,Gypi2:0Gypi2:0Gypi2:0,Gypi2:0,6,3,2048,3,6,9,2048,13
Gxpi2:0(Gxpi2:0Gypi2:0)^1024Gxpi2:0@(0)  390  634,Gxpi2:0,Gxpi2:0Gypi2:0,1024,Gxpi2:0,Gxpi2:0,Gxpi2:0,2,4,1024,2,2,10,1024,12
Gxpi2:0(Gxpi2:0Gypi2:0)^1024Gypi2:0Gypi2:0Gypi2:0@(0)  601  423,Gxpi2:0,Gxpi2:0Gypi2:0,1024,Gypi2:0Gypi2:0Gypi2:0,Gxpi2:0,Gypi2:0Gypi2:0Gypi2:0,2,4,1024,6,2,10,1024,16
Gypi2:0(Gxpi2:0Gypi2:0)^1024Gypi2:0Gypi2:0Gypi2:0@(0)  788  236,Gypi2:0,Gxpi2:0Gypi2:0,1024,Gypi2:0Gypi2:0Gypi2:0,Gypi2:0,Gypi2:0Gypi2:0Gypi2:0,3,4,1024,6,3,10,1024,16
Gxpi2:0Gxpi2:0Gxpi2:0(Gxpi2:0Gypi2:0)^1024Gypi2:0@(0)  596  428,Gxpi2:0Gxpi2:0Gxpi2:0,Gxpi2:0Gypi2:0,1024,Gypi2:0,Gxpi2:0Gxpi2:0Gxpi2:0,Gypi2:0,5,4,1024,3,5,10,1024,13
Gxpi2:0Gxpi2:0Gxpi2:0(Gxpi2:0Gypi2:0)^1024Gxpi2:0Gxpi2:0@(0)  644  380,Gxpi2:0Gxpi2:0Gxpi2:0,Gxpi2:0Gypi2:0,1024,Gxpi2:0Gxpi2:0,Gxpi2:0Gxpi2:0Gxpi2:0,Gxpi2:0Gxpi2:0,5,4,1024,4,5,10,1024,14
(Gxpi2:0Gxpi2:0Gypi2:0)^682@(0)  697  327,,Gxpi2:0Gxpi2:0Gypi2:0,682,,,,-1,5,682,-1,-1,11,682,-1
Gxpi2:0(Gxpi2:0Gxpi2:0Gypi2:0)^682Gxpi2:0Gxpi2:0Gxpi2:0@(0)  548  476,Gxpi2:0,Gxpi2:0Gxpi2:0Gypi2:0,682,Gxpi2:0Gxpi2:0Gxpi2:0,Gxpi2:0,Gxpi2:0Gxpi2:0Gxpi2:0,2,5,682,5,2,11,682,15
Gypi2:0(Gxpi2:0Gxpi2:0Gypi2:0)^682Gxpi2:0Gxpi2:0@(0)  711  313,Gypi2:0,Gxpi2:0Gxpi2:0Gypi2:0,682,Gxpi2:0Gxpi2:0,Gypi2:0,Gxpi2:0Gxpi2:0,3,5,682,4,3,11,682,14
Gxpi2:0Gxpi2:0Gxpi2:0(Gxpi2:0Gxpi2:0Gypi2:0)^682Gypi2:0@(0)  755  269,Gxpi2:0Gxpi2:0Gxpi2:0,Gxpi2:0Gxpi2:0Gypi2:0,682,Gypi2:0,Gxpi2:0Gxpi2:0Gxpi2:0,Gypi2:0,5,5,682,3,5,11,682,13
Gypi2:0Gypi2:0Gypi2:0(Gxpi2:0Gxpi2:0Gypi2:0)^682Gxpi2:0Gxpi2:0Gxpi2:0@(0)  760  264,Gypi2:0Gypi2:0Gypi2:0,Gxpi2:0Gxpi2:0Gypi2:0,682,Gxpi2:0Gxpi2:0Gxpi2:0,Gypi2:0Gypi2:0Gypi2:0,Gxpi2:0Gxpi2:0Gxpi2:0,6,5,682,5,6,11,682,15
([])^4096Gxpi2:0@(0)  568  456,,[],4096,Gxpi2:0,,Gxpi2:0,-1,1,4096,2,-1,7,4096,12
([])^4096Gypi2:0@(0)  595  429,,[],4096,Gypi2:0,,Gypi2:0,-1,1,4096,3,-1,7,4096,13
([])^4096Gxpi2:0Gxpi2:0@(0)  604  420,,[],4096,Gxpi2:0Gxpi2:0,,Gxpi2:0Gxpi2:0,-1,1,4096,4,-1,7,4096,14
Gypi2:0([])^4096Gypi2:0@(0)  476  548,Gypi2:0,[],4096,Gypi2:0,Gypi2:0,Gypi2:0,3,1,4096,3,3,7,4096,13
Gxpi2:0Gxpi2:0Gxpi2:0([])^4096@(0)  556  468,Gxpi2:0Gxpi2:0Gxpi2:0,[],4096,,Gxpi2:0Gxpi2:0Gxpi2:0,,5,1,4096,-1,5,7,4096,-1
Gxpi2:0Gxpi2:0Gxpi2:0([])^4096Gxpi2:0@(0)  596  428,Gxpi2:0Gxpi2:0Gxpi2:0,[],4096,Gxpi2:0,Gxpi2:0Gxpi2:0Gxpi2:0,Gxpi2:0,5,1,4096,2,5,7,4096,12
Gxpi2:0Gxpi2:0Gxpi2:0([])^4096Gypi2:0@(0)  555  469,Gxpi2:0Gxpi2:0Gxpi2:0,[],4096,Gypi2:0,Gxpi2:0Gxpi2:0Gxpi2:0,Gypi2:0,5,1,4096,3,5,7,4096,13
Gypi2:0Gypi2:0Gypi2:0([])^4096Gxpi2:0@(0)  547  477,Gypi2:0Gypi2:0Gypi2:0,[],4096,Gxpi2:0,Gypi2:0Gypi2:0Gypi2:0,Gxpi2:0,6,1,4096,2,6,7,4096,12
Gypi2:0Gypi2:0Gypi2:0([])^4096Gxpi2:0Gxpi2:0@(0)  547  477,Gypi2:0Gypi2:0Gypi2:0,[],4096,Gxpi2:0Gxpi2:0,Gypi2:0Gypi2:0Gypi2:0,Gxpi2:0Gxpi2:0,6,1,4096,4,6,7,4096,14
(Gxpi2:0)^4096Gxpi2:0Gxpi2:0Gxpi2:0@(0)  567  457,,Gxpi2:0,4096,Gxpi2:0Gxpi2:0Gxpi2:0,,Gxpi2:0Gxpi2:0Gxpi2:0,-1,2,4096,5,-1,8,4096,15
Gxpi2:0(Gxpi2:0)^4096Gxpi2:0Gxpi2:0Gxpi2:0@(0)  617  407,Gxpi2:0,Gxpi2:0,4096,Gxpi2:0Gxpi2:0Gxpi2:0,Gxpi2:0,Gxpi2:0Gxpi2:0Gxpi2:0,2,2,4096,5,2,8,4096,15
Gypi2:0Gypi2:0Gypi2:0(Gxpi2:0)^4096Gypi2:0Gypi2:0Gypi2:0@(0)  336  688,Gypi2:0Gypi2:0Gypi2:0,Gxpi2:0,4096,Gypi2:0Gypi2:0Gypi2:0,Gypi2:0Gypi2:0Gypi2:0,Gypi2:0Gypi2:0Gypi2:0,6,2,4096,6,6,8,4096,16
Gxpi2:0(Gypi2:0)^4096Gxpi2:0Gxpi2:0Gxpi2:0@(0)  784  240,Gxpi2:0,Gypi2:0,4096,Gxpi2:0Gxpi2:0Gxpi2:0,Gxpi2:0,Gxpi2:0Gxpi2:0Gxpi2:0,2,3,4096,5,2,9,4096,15
Gypi2:0(Gypi2:0)^4096Gxpi2:0Gxpi2:0@(0)  565  459,Gypi2:0,Gypi2:0,4096,Gxpi2:0Gxpi2:0,Gypi2:0,Gxpi2:0Gxpi2:0,3,3,4096,4,3,9,4096,14
Gypi2:0Gypi2:0Gypi2:0(Gypi2:0)^4096Gypi2:0@(0)  615  409,Gypi2:0Gypi2:0Gypi2:0,Gypi2:0,4096,Gypi2:0,Gypi2:0Gypi2:0Gypi2:0,Gypi2:0,6,3,4096,3,6,9,4096,13
Gxpi2:0(Gxpi2:0Gypi2:0)^2048Gxpi2:0@(0)  388  636,Gxpi2:0,Gxpi2:0Gypi2:0,2048,Gxpi2:0,Gxpi2:0,Gxpi2:0,2,4,2048,2,2,10,2048,12
Gxpi2:0(Gxpi2:0Gypi2:0)^2048Gypi2:0Gypi2:0Gypi2:0@(0)  540  484,Gxpi2:0,Gxpi2:0Gypi2:0,2048,Gypi2:0Gypi2:0Gypi2:0,Gxpi2:0,Gypi2:0Gypi2:0Gypi2:0,2,4,2048,6,2,10,2048,16
Gypi2:0(Gxpi2:0Gypi2:0)^2048Gypi2:0Gypi2:0Gypi2:0@(0)  707  317,Gypi2:0,Gxpi2:0Gypi2:0,2048,Gypi2:0Gypi2:0Gypi2:0,Gypi2:0,Gypi2:0Gypi2:0Gypi2:0,3,4,2048,6,3,10,2048,16
Gxpi2:0Gxpi2:0Gxpi2:0(Gxpi2:0Gypi2:0)^2048Gypi2:0@(0)  521  503,Gxpi2:0Gxpi2:0Gxpi2:0,Gxpi2:0Gypi2:0,2048,Gypi2:0,Gxpi2:0Gxpi2:0Gxpi2:0,Gypi2:0,5,4,2048,3,5,10,2048,13
Gxpi2:0Gxpi2:0Gxpi2:0(Gxpi2:0Gypi2:0)^2048Gxpi2:0Gxpi2:0@(0)  595  429,Gxpi2:0Gxpi2:0Gxpi2:0,Gxpi2:0Gypi2:0,2048,Gxpi2:0Gxpi2:0,Gxpi2:0Gxpi2:0Gxpi2:0,Gxpi2:0Gxpi2:0,5,4,2048,4,5,10,2048,14
(Gxpi2:0Gxpi2:0Gypi2:0)^1365@(0)  665  359,,Gxpi2:0Gxpi2:0Gypi2:0,1365,,,,-1,5,1365,-1,-1,11,1365,-1
Gxpi2:0(Gxpi2:0Gxpi2:0Gypi2:0)^1365Gxpi2:0Gxpi2:0Gxpi2:0@(0)  485  539,Gxpi2:0,Gxpi2:0Gxpi2:0Gypi2:0,1365,Gxpi2:0Gxpi2:0Gxpi2:0,Gxpi2:0,Gxpi2:0Gxpi2:0Gxpi2:0,2,5,1365,5,2,11,1365,15
Gypi2:0(Gxpi2:0Gxpi2:0Gypi2:0)^1365Gxpi2:0Gxpi2:0@(0)  686  338,Gypi2:0,Gxpi2:0Gxpi2:0Gypi2:0,1365,Gxpi2:0Gxpi2:0,Gypi2:0,Gxpi2:0Gxpi2:0,3,5,1365,4,3,11,1365,14
Gxpi2:0Gxpi2:0Gxpi2:0(Gxpi2:0Gxpi2:0Gypi2:0)^1365Gypi2:0@(0)  494  530,Gxpi2:0Gxpi2:0Gxpi2:0,Gxpi2:0Gxpi2:0Gypi2:0,1365,Gypi2:0,Gxpi2:0Gxpi2:0Gxpi2:0,Gypi2:0,5,5,1365,3,5,11,1365,13
Gypi2:0Gypi2:0Gypi2:0(Gxpi2:0Gxpi2:0Gypi2:0)^1365Gxpi2:0Gxpi2:0Gxpi2:0@(0)  452  572,Gypi2:0Gypi2:0Gypi2:0,Gxpi2:0Gxpi2:0Gypi2:0,1365,Gxpi2:0Gxpi2:0Gxpi2:0,Gypi2:0Gypi2:0Gypi2:0,Gxpi2:0Gxpi2:0Gxpi2:0,6,5,1365,5,6,11,1365,15
([])^8192Gxpi2:0@(0)  575  449,,[],8192,Gxpi2:0,,Gxpi2:0,-1,1,8192,2,-1,7,8192,12
([])^8192Gypi2:0@(0)  511  513,,[],8192,Gypi2:0,,Gypi2:0,-1,1,8192,3,-1,7,8192,13
([])^8192Gxpi2:0Gxpi2:0@(0)  525  499,,[],8192,Gxpi2:0Gxpi2:0,,Gxpi2:0Gxpi2:0,-1,1,8192,4,-1,7,8192,14
Gypi2:0([])^8192Gypi2:0@(0)  519  505,Gypi2:0,[],8192,Gypi2:0,Gypi2:0,Gypi2:0,3,1,8192,3,3,7,8192,13
Gxpi2:0Gxpi2:0Gxpi2:0([])^8192@(0)  528  496,Gxpi2:0Gxpi2:0Gxpi2:0,[],8192,,Gxpi2:0Gxpi2:0Gxpi2:0,,5,1,8192,-1,5,7,8192,-1
Gxpi2:0Gxpi2:0Gxpi2:0([])^8192Gxpi2:0@(0)  519  505,Gxpi2:0Gxpi2:0Gxpi2:0,[],8192,Gxpi2:0,Gxpi2:0Gxpi2:0Gxpi2:0,Gxpi2:0,5,1,8192,2,5,7,8192,12
Gxpi2:0Gxpi2:0Gxpi2:0([])^8192Gypi2:0@(0)  552  472,Gxpi2:0Gxpi2:0Gxpi2:0,[],8192,Gypi2:0,Gxpi2:0Gxpi2:0Gxpi2:0,Gypi2:0,5,1,8192,3,5,7,8192,13
Gypi2:0Gypi2:0Gypi2:0([])^8192Gxpi2:0@(0)  558  466,Gypi2:0Gypi2:0Gypi2:0,[],8192,Gxpi2:0,Gypi2:0Gypi2:0Gypi2:0,Gxpi2:0,6,1,8192,2,6,7,8192,12
Gypi2:0Gypi2:0Gypi2:0([])^8192Gxpi2:0Gxpi2:0@(0)  530  494,Gypi2:0Gypi2:0Gypi2:0,[],8192,Gxpi2:0Gxpi2:0,Gypi2:0Gypi2:0Gypi2:0,Gxpi2:0Gxpi2:0,6,1,8192,4,6,7,8192,14
(Gxpi2:0)^8192Gxpi2:0Gxpi2:0Gxpi2:0@(0)  526  498,,Gxpi2:0,8192,Gxpi2:0Gxpi2:0Gxpi2:0,,Gxpi2:0Gxpi2:0Gxpi2:0,-1,2,8192,5,-1,8,8192,15
Gxpi2:0(Gxpi2:0)^8192Gxpi2:0Gxpi2:0Gxpi2:0@(0)  572  452,Gxpi2:0,Gxpi2:0,8192,Gxpi2:0Gxpi2:0Gxpi2:0,Gxpi2:0,Gxpi2:0Gxpi2:0Gxpi2:0,2,2,8192,5,2,8,8192,15
Gypi2:0Gypi2:0Gypi2:0(Gxpi2:0)^8192Gypi2:0Gypi2:0Gypi2:0@(0)  348  676,Gypi2:0Gypi2:0Gypi2:0,Gxpi2:0,8192,Gypi2:0Gypi2:0Gypi2:0,Gypi2:0Gypi2:0Gypi2:0,Gypi2:0Gypi2:0Gypi2:0,6,2,8192,6,6,8,8192,16
Gxpi2:0(Gypi2:0)^8192Gxpi2:0Gxpi2:0Gxpi2:0@(0)  1009  15,Gxpi2:0,Gypi2:0,8192,Gxpi2:0Gxpi2:0Gxpi2:0,Gxpi2:0,Gxpi2:0Gxpi2:0Gxpi2:0,2,3,8192,5,2,9,8192,15
Gypi2:0(Gypi2:0)^8192Gxpi2:0Gxpi2:0@(0)  991  33,Gypi2:0,Gypi2:0,8192,Gxpi2:0Gxpi2:0,Gypi2:0,Gxpi2:0Gxpi2:0,3,3,8192,4,3,9,8192,14
Gypi2:0Gypi2:0Gypi2:0(Gypi2:0)^8192Gypi2:0@(0)  995  29,Gypi2:0Gypi2:0Gypi2:0,Gypi2:0,8192,Gypi2:0,Gypi2:0Gypi2:0Gypi2:0,Gypi2:0,6,3,8192,3,6,9,8192,13
Gxpi2:0(Gxpi2:0Gypi2:0)^4096Gxpi2:0@(0)  998  26,Gxpi2:0,Gxpi2:0Gypi2:0,4096,Gxpi2:0,Gxpi2:0,Gxpi2:0,2,4,4096,2,2,10,4096,12
Gxpi2:0(Gxpi2:0Gypi2:0)^4096Gypi2:0Gypi2:0Gypi2:0@(0)  1002  22,Gxpi2:0,Gxpi2:0Gypi2:0,4096,Gypi2:0Gypi2:0Gypi2:0,Gxpi2:0,Gypi2:0Gypi2:0Gypi2:0,2,4,4096,6,2,10,4096,16
Gypi2:0(Gxpi2:0Gypi2:0)^4096Gypi2:0Gypi2:0Gypi2:0@(0)  623  401,Gypi2:0,Gxpi2:0Gypi2:0,4096,Gypi2:0Gypi2:0Gypi2:0,Gypi2:0,Gypi2:0Gypi2:0Gypi2:0,3,4,4096,6,3,10,4096,16
Gxpi2:0Gxpi2:0Gxpi2:0(Gxpi2:0Gypi2:0)^4096Gypi2:0@(0)  499  525,Gxpi2:0Gxpi2:0Gxpi2:0,Gxpi2:0Gypi2:0,4096,Gypi2:0,Gxpi2:0Gxpi2:0Gxpi2:0,Gypi2:0,5,4,4096,3,5,10,4096,13
Gxpi2:0Gxpi2:0Gxpi2:0(Gxpi2:0Gypi2:0)^4096Gxpi2:0Gxpi2:0@(0)  613  411,Gxpi2:0Gxpi2:0Gxpi2:0,Gxpi2:0Gypi2:0,4096,Gxpi2:0Gxpi2:0,Gxpi2:0Gxpi2:0Gxpi2:0,Gxpi2:0Gxpi2:0,5,4,4096,4,5,10,4096,14
(Gxpi2:0Gxpi2:0Gypi2:0)^2730@(0)  628  396,,Gxpi2:0Gxpi2:0Gypi2:0,2730,,,,-1,5,2730,-1,-1,11,2730,-1
Gxpi2:0(Gxpi2:0Gxpi2:0Gypi2:0)^2730Gxpi2:0Gxpi2:0Gxpi2:0@(0)  513  511,Gxpi2:0,Gxpi2:0Gxpi2:0Gypi2:0,2730,Gxpi2:0Gxpi2:0Gxpi2:0,Gxpi2:0,Gxpi2:0Gxpi2:0Gxpi2:0,2,5,2730,5,2,11,2730,15
Gypi2:0(Gxpi2:0Gxpi2:0Gypi2:0)^2730Gxpi2:0Gxpi2:0@(0)  671  353,Gypi2:0,Gxpi2:0Gxpi2:0Gypi2:0,2730,Gxpi2:0Gxpi2:0,Gypi2:0,Gxpi2:0Gxpi2:0,3,5,2730,4,3,11,2730,14
Gxpi2:0Gxpi2:0Gxpi2:0(Gxpi2:0Gxpi2:0Gypi2:0)^2730Gypi2:0@(0)  552  472,Gxpi2:0Gxpi2:0Gxpi2:0,Gxpi2:0Gxpi2:0Gypi2:0,2730,Gypi2:0,Gxpi2:0Gxpi2:0Gxpi2:0,Gypi2:0,5,5,2730,3,5,11,2730,13
Gypi2:0Gypi2:0Gypi2:0(Gxpi2:0Gxpi2:0Gypi2:0)^2730Gxpi2:0Gxpi2:0Gxpi2:0@(0)  564  460,Gypi2:0Gypi2:0Gypi2:0,Gxpi2:0Gxpi2:0Gypi2:0,2730,Gxpi2:0Gxpi2:0Gxpi2:0,Gypi2:0Gypi2:0Gypi2:0,Gxpi2:0Gxpi2:0Gxpi2:0,6,5,2730,5,6,11,2730,15
